trade_date,ticker,close_price,trade_id
2024-01-01T00:00:00,BTC,44167.33203125,a31f9d1a-d81c-498a-8fc2-4753c3a2a0aa
2024-01-02T00:00:00,BTC,44957.96875,0374d873-7dab-4459-a112-92e08eed3480
2024-01-03T00:00:00,BTC,42848.17578125,87534b07-fbb4-4029-8ea4-b46bee24b4cb
2024-01-04T00:00:00,BTC,44179.921875,7a89a889-54a8-4edd-8d6e-d16f26587762
2024-01-05T00:00:00,BTC,44162.69140625,f94f8e27-987c-4035-9b6e-d7af2a28835d
2024-01-06T00:00:00,BTC,43989.1953125,7937acd3-e4d5-4ff3-b74e-d47aa69208ae
2024-01-07T00:00:00,BTC,43943.09765625,ee8bfff5-9d0f-4812-b6d4-3798b298c50c
2024-01-08T00:00:00,BTC,46970.50390625,7e4da8c3-e1a2-4c69-88b2-173abdc42b8f
2024-01-09T00:00:00,BTC,46139.73046875,42b3b7eb-14cc-4e0b-9ee1-476c8fdee5dd
2024-01-10T00:00:00,BTC,46627.77734375,f5d0bfd0-d341-4aee-ab30-6162e018e037
2024-01-11T00:00:00,BTC,46368.5859375,2eead202-a728-4ba9-9494-52b6c21246b1
2024-01-12T00:00:00,BTC,42853.16796875,a4c70292-a97e-4e89-9c21-06ece4997ce8
2024-01-13T00:00:00,BTC,42842.3828125,ca5aa90c-bbd3-47f9-b897-6252de328888
2024-01-14T00:00:00,BTC,41796.26953125,7c4e0d2d-e2d9-4cc4-9472-561afdf618b6
2024-01-15T00:00:00,BTC,42511.96875,8e48bee3-2959-47f4-b388-0909cfc5bc0a
2024-01-16T00:00:00,BTC,43154.9453125,a393cd1d-a8da-4c01-abd7-cd5fce8527e3
2024-01-17T00:00:00,BTC,42742.65234375,a0655485-c57b-45ac-b8cd-b8376da0312f
2024-01-18T00:00:00,BTC,41262.05859375,9d09e132-d93d-4aec-8e6c-8012e0b632a1
2024-01-19T00:00:00,BTC,41618.40625,478df895-9e98-46bb-b8d6-368decc140e6
2024-01-20T00:00:00,BTC,41665.5859375,d4ec6644-0c7b-40af-8e2f-9f10d2acaf97
2024-01-21T00:00:00,BTC,41545.78515625,3c321e39-5923-4c94-8a22-685d025362ff
2024-01-22T00:00:00,BTC,39507.3671875,403374de-38bf-418e-8e43-7f11ea3a7a13
2024-01-23T00:00:00,BTC,39845.55078125,1a5099be-3342-4e9d-9d97-8f50e59d706e
2024-01-24T00:00:00,BTC,40077.07421875,14040b8d-dca1-4ab2-8127-388054785414
2024-01-25T00:00:00,BTC,39933.80859375,013b8ddc-e988-4dce-adb3-52a498f949db
2024-01-26T00:00:00,BTC,41816.87109375,a4e672e9-2248-4ca5-b670-2c3661149c7e
2024-01-27T00:00:00,BTC,42120.0546875,c3a7d5d2-98e9-4950-b102-b9841f384dd8
2024-01-28T00:00:00,BTC,42035.59375,b2c5c9f7-7128-412a-a43e-1cb4897e546f
2024-01-29T00:00:00,BTC,43288.24609375,cc45a395-16e9-47d3-9242-600bdb0ff1a3
2024-01-30T00:00:00,BTC,42952.609375,61b2cba6-44fb-4b48-9b40-949168bcf7ef
2024-01-31T00:00:00,BTC,42582.60546875,2082c975-a633-4fd6-87cd-1ef61b8955aa
2024-02-01T00:00:00,BTC,43075.7734375,25422c62-ee6c-4e36-b140-5771af3917a6
2024-02-02T00:00:00,BTC,43185.859375,d287d6cf-4b23-41a6-8f36-3b2ec455cc71
2024-02-03T00:00:00,BTC,42992.25,e2c0b43f-175b-45c1-89c3-b1290593bd0a
2024-02-04T00:00:00,BTC,42583.58203125,9f92ea3d-c452-43d4-a101-4bfb3b8a8ce4
2024-02-05T00:00:00,BTC,42658.66796875,d6fb2eab-4b66-4dbe-bcfe-6c9910e849d4
2024-02-06T00:00:00,BTC,43084.671875,8c951e9f-6682-43e5-89bc-b1317724005b
2024-02-07T00:00:00,BTC,44318.22265625,2f03925e-b9dd-4b83-ae07-790a113d6899
2024-02-08T00:00:00,BTC,45301.56640625,90c203e6-bae9-4729-819f-753a33b576bd
2024-02-09T00:00:00,BTC,47147.19921875,77f5fbeb-1cf4-4c41-b379-7fcbd3f4ec0d
2024-02-10T00:00:00,BTC,47771.27734375,06340547-5df3-4615-adcc-ba5a8d5c75de
2024-02-11T00:00:00,BTC,48293.91796875,c79bb86b-1577-4e50-813f-b1541488b722
2024-02-12T00:00:00,BTC,49958.22265625,34a92d51-3032-4b62-955d-ca6225fac62d
2024-02-13T00:00:00,BTC,49742.44140625,36a68484-dfe2-4310-871b-064e62715eb6
2024-02-14T00:00:00,BTC,51826.6953125,fbae09a5-66a6-483e-84be-3534aa9cd448
2024-02-15T00:00:00,BTC,51938.5546875,ed39178f-36d5-4dd8-8220-27172f37bc8d
2024-02-16T00:00:00,BTC,52160.203125,5db60a4c-d1c0-4734-b02a-07fb77a7b93a
2024-02-17T00:00:00,BTC,51662.99609375,639c5a9c-833d-4ba2-97b6-87778061bf1d
2024-02-18T00:00:00,BTC,52122.546875,a8482077-3188-4940-b4f8-bae272b3721c
2024-02-19T00:00:00,BTC,51779.14453125,25df5e30-1a68-4b9f-af4d-95b34789c7e4
2024-02-20T00:00:00,BTC,52284.875,fd7f2119-6a6b-4609-83ff-9046e2756fa3
2024-02-21T00:00:00,BTC,51839.1796875,b30a4694-e6bd-4509-9c8e-1420058a6c60
2024-02-22T00:00:00,BTC,51304.97265625,ebd8fa97-eadd-402f-af12-2e4c7de11759
2024-02-23T00:00:00,BTC,50731.94921875,ad0475d7-7d85-4ca0-8901-c7141397a46c
2024-02-24T00:00:00,BTC,51571.1015625,7afb4968-f26a-4ae0-a303-00f0e6903a29
2024-02-25T00:00:00,BTC,51733.23828125,2349f642-5ec3-4401-9ef9-8c82822d4ac4
2024-02-26T00:00:00,BTC,54522.40234375,738dc8fc-7a0f-4d01-9d96-4b82ba375df4
2024-02-27T00:00:00,BTC,57085.37109375,b2ebb7c9-52b4-4be6-9b7a-5c7d160735f6
2024-02-28T00:00:00,BTC,62504.7890625,a4aa8ff9-f860-4d51-ab36-8bd4695aba54
2024-02-29T00:00:00,BTC,61198.3828125,5aee432a-f0c8-4ed3-8c80-0819e01a26f0
2024-03-01T00:00:00,BTC,62440.6328125,b3e7dabe-e4cd-4c98-8163-6fa5d2aa65fe
2024-03-02T00:00:00,BTC,62029.84765625,e9b1cd93-82a9-408a-993b-ac9d7c4a8606
2024-03-03T00:00:00,BTC,63167.37109375,5dfa80ab-a6f5-4013-8eb7-0f9bcb3d4d1c
2024-03-04T00:00:00,BTC,68330.4140625,df2a1f05-0c3b-4809-88ce-c2696b5ec1e5
2024-03-05T00:00:00,BTC,63801.19921875,10779473-f813-478b-9c73-4e66037c1733
2024-03-06T00:00:00,BTC,66106.8046875,8e66d76d-993e-4d41-8166-eccda2ba1996
2024-03-07T00:00:00,BTC,66925.484375,71e00e80-8ae6-42e2-8ac5-bbdad9c3f3b5
2024-03-08T00:00:00,BTC,68300.09375,122e186e-160c-4fcb-bafd-42bb86af3efc
2024-03-09T00:00:00,BTC,68498.8828125,88629fbd-288d-4ecd-ab6d-f613c2a40bc7
2024-03-10T00:00:00,BTC,69019.7890625,4c7b86d7-a3f5-49d5-804e-6710cf5bbf8b
2024-03-11T00:00:00,BTC,72123.90625,9c9cd3d6-cb75-486e-9c52-a6a25b7ff1ab
2024-03-12T00:00:00,BTC,71481.2890625,d879df47-2420-4e27-828b-e90b8c4f1e9a
2024-03-13T00:00:00,BTC,73083.5,afa246dc-d958-4f83-a653-07491c136c3b
2024-03-14T00:00:00,BTC,71396.59375,0901aa91-025a-48ea-9989-77dd0d629f33
2024-03-15T00:00:00,BTC,69403.7734375,07e699bb-888b-4c21-9887-c16127bf9c86
2024-03-16T00:00:00,BTC,65315.1171875,3a78f3d4-edd0-4ec5-b353-08d88c63d014
2024-03-17T00:00:00,BTC,68390.625,a9fd7119-121c-44d8-9ae4-6ded1a15102c
2024-03-18T00:00:00,BTC,67548.59375,c048391a-eaf3-458f-a931-aef71a3d8b94
2024-03-19T00:00:00,BTC,61912.7734375,32befbd5-eb27-4023-8872-37764ba4d9f1
2024-03-20T00:00:00,BTC,67913.671875,6f7ca51c-995f-41d7-a378-dae29491cad8
2024-03-21T00:00:00,BTC,65491.390625,9012fd4a-df08-456f-bd70-f2f60d60d86e
2024-03-22T00:00:00,BTC,63778.76171875,b75267cc-a77a-4738-aff9-bee9aa283dbd
2024-03-23T00:00:00,BTC,64062.203125,ebe6ba50-ccfe-4a3a-80a1-4672d3afc446
2024-03-24T00:00:00,BTC,67234.171875,ae97eaa6-1029-4b81-8a5e-901492728ee5
2024-03-25T00:00:00,BTC,69958.8125,2331bafc-7669-4e69-96bd-9751f038364b
2024-03-26T00:00:00,BTC,69987.8359375,23e773fb-8661-4562-ad77-8052618fe257
2024-03-27T00:00:00,BTC,69455.34375,2cfef363-7c54-4b0f-a83b-19509e936e0b
2024-03-28T00:00:00,BTC,70744.953125,198e6042-37ff-47ae-be3c-d8de84ef08ae
2024-03-29T00:00:00,BTC,69892.828125,9593ddc1-8d99-4b3e-8bde-1ea4d55eea59
2024-03-30T00:00:00,BTC,69645.3046875,12c710de-75b8-430a-a2f8-b258c9d7aaa3
2024-03-31T00:00:00,BTC,71333.6484375,ebe3b902-2cc8-4d6f-ac0f-11ffdf072854
2024-04-01T00:00:00,BTC,69702.1484375,e47084d5-4e61-407b-a21b-2a27a89c7cd6
2024-04-02T00:00:00,BTC,65446.97265625,c159278b-7f04-4ea7-bf7f-5fe0d6bb5593
2024-04-03T00:00:00,BTC,65980.8125,abcfae65-d0d7-4481-80cf-83ba7b4858cd
2024-04-04T00:00:00,BTC,68508.84375,51cfa0ee-896f-48ae-b947-56ef866a5c87
2024-04-05T00:00:00,BTC,67837.640625,9eb06524-9734-4ffd-a2fb-3db8f10fef48
2024-04-06T00:00:00,BTC,68896.109375,55c9a757-732d-4f45-b870-7a5d0ccf8c2a
2024-04-07T00:00:00,BTC,69362.5546875,d67ecb8c-acfb-452a-9319-1a92f4167601
2024-04-08T00:00:00,BTC,71631.359375,a99ed87e-2c63-46ba-adc9-6616686f7660
2024-04-09T00:00:00,BTC,69139.015625,3838059d-0825-474c-8e86-4a5f691de5a6
2024-04-10T00:00:00,BTC,70587.8828125,def6280f-8542-4393-add6-e42477a6f5a0
2024-04-11T00:00:00,BTC,70060.609375,bcef3f11-500f-409f-a99f-3bb1e321b873
2024-04-12T00:00:00,BTC,67195.8671875,c5c89033-d4a7-4db5-ae0d-cc2b641ceae2
2024-04-13T00:00:00,BTC,63821.47265625,427cbbdd-dd98-4f8d-b08e-50dd647f4753
2024-04-14T00:00:00,BTC,65738.7265625,4f198a6d-6c2f-430d-8072-b002f9c55b95
2024-04-15T00:00:00,BTC,63426.2109375,a81dffcd-bcb6-4e51-93b7-5a5ae948ccab
2024-04-16T00:00:00,BTC,63811.86328125,96b29af4-7ded-48f8-8dec-8118edf21406
2024-04-17T00:00:00,BTC,61276.69140625,a2f29d13-aea1-4ccc-bb54-70b540b3686d
2024-04-18T00:00:00,BTC,63512.75390625,b9702da9-6ee0-4378-a23e-758b620a6bf5
2024-04-19T00:00:00,BTC,63843.5703125,6848a862-925d-4ee9-b8e8-b12185f98eef
2024-04-20T00:00:00,BTC,64994.44140625,57c8ac9a-cb1f-4e74-afbe-c7931ab7a1a1
2024-04-21T00:00:00,BTC,64926.64453125,79903119-fe8c-4e2e-8d6b-e4bfdefe80d9
2024-04-22T00:00:00,BTC,66837.6796875,433265cb-6acf-42f4-a3af-41e12033052a
2024-04-23T00:00:00,BTC,66407.2734375,1f85d4a8-d841-475b-a432-f06b1f84e828
2024-04-24T00:00:00,BTC,64276.8984375,f3dac4b5-50ee-430c-a3dd-b1ae3d4dffdf
2024-04-25T00:00:00,BTC,64481.70703125,e07bcd82-f516-4a8d-ac5b-2342fb0f81b9
2024-04-26T00:00:00,BTC,63755.3203125,6b590074-cef2-4951-add4-520b33426185
2024-04-27T00:00:00,BTC,63419.140625,345ab090-bad3-489d-b9c0-aaeffc5cffda
2024-04-28T00:00:00,BTC,63113.23046875,2b794678-0d3e-4e1b-8454-7b2dfe54b0c6
2024-04-29T00:00:00,BTC,63841.12109375,4d3756b1-61d8-48aa-8f99-23cb6994f1a0
2024-04-30T00:00:00,BTC,60636.85546875,5c266446-29f8-479e-88f0-a36c92b7cb4d
2024-05-01T00:00:00,BTC,58254.01171875,bc525aac-a2b8-42d6-a975-d92f7f825ef8
2024-05-02T00:00:00,BTC,59123.43359375,03f235b9-09ed-4baf-9ca4-68e201862539
2024-05-03T00:00:00,BTC,62889.8359375,7fdefc34-e39c-4ad1-8eea-d6e1a195f7a1
2024-05-04T00:00:00,BTC,63891.47265625,0e785951-60bb-4913-a981-b90148c9326a
2024-05-05T00:00:00,BTC,64031.1328125,3fbf79c3-ab98-49c7-b43c-e676bca41a4a
2024-05-06T00:00:00,BTC,63161.94921875,4d430f47-14f7-4643-8098-b6c58f24040d
2024-05-07T00:00:00,BTC,62334.81640625,e4a356de-cf40-44ab-8ae3-1ea8d269bb89
2024-05-08T00:00:00,BTC,61187.94140625,7bac61d9-942b-407d-b1ae-c6641250b908
2024-05-09T00:00:00,BTC,63049.9609375,52bc4846-9d4a-4ecf-b8aa-9ea8062f435c
2024-05-10T00:00:00,BTC,60792.77734375,ecb86f7a-bed6-4986-80c7-4a9244df42ba
2024-05-11T00:00:00,BTC,60793.7109375,3fe01051-c73f-461d-819c-07696092ccaf
2024-05-12T00:00:00,BTC,61448.39453125,33a40054-6744-4ca2-ac9d-973103bfc55e
2024-05-13T00:00:00,BTC,62901.44921875,2fdec744-728f-4303-9e8f-916818a80b7a
2024-05-14T00:00:00,BTC,61552.7890625,7c15d59b-92b9-4191-96b4-b9fdc72cafb8
2024-05-15T00:00:00,BTC,66267.4921875,7255c220-0050-4734-98f9-06ac3487dd6f
2024-05-16T00:00:00,BTC,65231.58203125,931143d6-eda6-4525-b74e-071d5d0db6d6
2024-05-17T00:00:00,BTC,67051.875,e003d920-4d72-450a-a437-ae5873b69f6b
2024-05-18T00:00:00,BTC,66940.8046875,e08cb119-4b0f-4c7f-a8cc-aa988d6c8d33
2024-05-19T00:00:00,BTC,66278.3671875,05676cba-c414-4814-b382-9531172d6c98
2024-05-20T00:00:00,BTC,71448.1953125,6fcf3a68-0acc-4045-ba16-64b5205df3cc
2024-05-21T00:00:00,BTC,70136.53125,227b6093-acbf-493e-823b-b143e1e50b8b
2024-05-22T00:00:00,BTC,69122.3359375,be5a3587-0e37-49ac-a497-117d867cd5ee
2024-05-23T00:00:00,BTC,67929.5625,59dd24e6-e5ef-41a1-adcf-da9986964800
2024-05-24T00:00:00,BTC,68526.1015625,43e574c2-a5a5-43c9-8a8c-f1818748162a
2024-05-25T00:00:00,BTC,69265.9453125,6800fac0-a6a6-4e97-b33d-542f3e1a7fd6
2024-05-26T00:00:00,BTC,68518.09375,f4158ce3-20e9-478c-b30b-f89d471c3fff
2024-05-27T00:00:00,BTC,69394.5546875,7c28a681-2270-4c64-8cdd-d528d2227ca4
2024-05-28T00:00:00,BTC,68296.21875,ead4ed54-67a0-4542-8348-3fe84f93583a
2024-05-29T00:00:00,BTC,67578.09375,4c4827ed-2308-4715-9086-2decab628923
2024-05-30T00:00:00,BTC,68364.9921875,dfb230a0-c1f6-47ea-aed9-ec532f8291b4
2024-05-31T00:00:00,BTC,67491.4140625,cfe789df-c799-4695-a635-3de074bccca4
2024-06-01T00:00:00,BTC,67706.9375,34ba3169-eb84-4cf4-9a03-3f9d8a56530b
2024-06-02T00:00:00,BTC,67751.6015625,e66db56e-f65d-420d-bc3d-9ddd0bedc683
2024-06-03T00:00:00,BTC,68804.78125,eeb0f9a2-4db0-4356-a1fb-81f101bdd564
2024-06-04T00:00:00,BTC,70567.765625,ae727df6-8e7e-4881-a57f-c8b9e40d0283
2024-06-05T00:00:00,BTC,71082.8203125,8c578040-2686-49b2-bc63-3a052deda147
2024-06-06T00:00:00,BTC,70757.1640625,0da088e9-8dbd-42fe-b7e7-317721c73853
2024-06-07T00:00:00,BTC,69342.5859375,c3a472e2-a054-4c33-b731-ed9b23452bf7
2024-06-08T00:00:00,BTC,69305.7734375,5080509d-8463-4f61-bbf1-48ba45e380a3
2024-06-09T00:00:00,BTC,69647.9921875,e3901e85-badb-491c-9573-8c2b9b2a7c53
2024-06-10T00:00:00,BTC,69512.28125,4b175647-105e-498b-b65b-56e4931bbaa9
2024-06-11T00:00:00,BTC,67332.03125,556f0d9d-b6c1-4874-bb37-364d31d944c8
2024-06-12T00:00:00,BTC,68241.1875,4295837c-40b0-40bf-8578-1d04414cbbb0
2024-06-13T00:00:00,BTC,66756.3984375,99101ab9-e297-409a-ac50-964105873c3f
2024-06-14T00:00:00,BTC,66011.09375,949044c3-8882-4cf4-b46c-0529fcc5f786
2024-06-15T00:00:00,BTC,66191.0,2a28d779-fc99-47c6-8e1c-dcec7c603c11
2024-06-16T00:00:00,BTC,66639.046875,cd5fb080-c883-459b-9f2a-251ba8c3a2a7
2024-06-17T00:00:00,BTC,66490.296875,629cdf28-0523-49d8-9b22-05112c5cfbcc
2024-06-18T00:00:00,BTC,65140.74609375,cb866cf6-9c65-4d1c-b840-c80db21f6c64
2024-06-19T00:00:00,BTC,64960.296875,7e0216fb-68ed-41d7-bf96-fbb95f4a5971
2024-06-20T00:00:00,BTC,64828.65625,e286a24b-4722-44db-b5dd-818ccd2e645a
2024-06-21T00:00:00,BTC,64096.19921875,5680ea3a-8149-4ddf-a6fd-8507856ec0af
2024-06-22T00:00:00,BTC,64252.578125,e91e1811-8018-4249-85f0-7b718f9cfaf0
2024-06-23T00:00:00,BTC,63180.796875,54ce578b-68ad-48e1-9d65-2981bacb5daa
2024-06-24T00:00:00,BTC,60277.4140625,f85b61d8-87b1-4055-af5b-7492bc07e3ad
2024-06-25T00:00:00,BTC,61804.640625,78cd03f0-c82c-4b31-b769-2f9012a33651
2024-06-26T00:00:00,BTC,60811.27734375,79d6fb70-ffba-4ec8-9d26-25374e253b9a
2024-06-27T00:00:00,BTC,61604.80078125,dcf25eae-3d0c-4816-a0a2-7a24a376fe56
2024-06-28T00:00:00,BTC,60320.13671875,801e03be-14fb-47ce-b195-6cc0a1f8fc1b
2024-06-29T00:00:00,BTC,60887.37890625,05cacbf7-fd1b-48d3-9dd8-7245f0b39528
2024-06-30T00:00:00,BTC,62678.29296875,85f5fb56-cc12-4aa5-823f-ae3cb3f54e43
2024-01-01T00:00:00,ETH,2352.327880859375,0e7c3e0b-2635-499a-abd1-0e8bbc4c5e5e
2024-01-02T00:00:00,ETH,2355.83642578125,b159bbcc-84d9-4d56-b1a9-2f2b8f83d572
2024-01-03T00:00:00,ETH,2210.761962890625,58b00a94-9bee-4566-9700-e99aed427ce8
2024-01-04T00:00:00,ETH,2269.0380859375,3c7a49ee-948d-404a-aacd-1cd75ca3d4e5
2024-01-05T00:00:00,ETH,2268.647216796875,37da04e8-3185-4cfc-973a-b66ad2626db1
2024-01-06T00:00:00,ETH,2241.624755859375,9fe21eab-6623-4cac-95ce-b2306841b5fd
2024-01-07T00:00:00,ETH,2222.865966796875,78e06f5c-1719-48e0-bedf-10c5d11cf65a
2024-01-08T00:00:00,ETH,2333.03271484375,72d2a116-9f7f-421e-85f8-0a0046ca348f
2024-01-09T00:00:00,ETH,2344.8271484375,45012b41-c7c7-43ba-902d-77f21a3b25f7
2024-01-10T00:00:00,ETH,2582.103515625,77bd8459-aba0-45cd-b294-17975d13954e
2024-01-11T00:00:00,ETH,2619.619140625,c069efc4-37a7-45d2-bce2-b04b72fae4b6
2024-01-12T00:00:00,ETH,2524.460205078125,a3b47b6a-8b8b-4586-bf48-e2fc813dc00c
2024-01-13T00:00:00,ETH,2576.597900390625,fb901f73-98b3-4659-bf11-c3804e39c81b
2024-01-14T00:00:00,ETH,2472.2412109375,4fe4d4a7-9aac-4234-af29-6372c4695fe7
2024-01-15T00:00:00,ETH,2511.36376953125,a0e2c324-1d35-4aa2-b736-cc660ff31c96
2024-01-16T00:00:00,ETH,2587.691162109375,cd6cf532-9fb0-4905-acb8-fc6cd50abc4c
2024-01-17T00:00:00,ETH,2528.369384765625,c6c03643-b50c-4de3-b8e2-e171f80c224e
2024-01-18T00:00:00,ETH,2467.018798828125,1a2a7535-0dab-40d5-b2a9-f9b1700685db
2024-01-19T00:00:00,ETH,2489.49853515625,26f0f215-eaf7-4609-9a0a-c9145ee30d35
2024-01-20T00:00:00,ETH,2469.589111328125,5235d880-afcb-4461-b35c-ccdc24065278
2024-01-21T00:00:00,ETH,2453.9130859375,4a6d5e44-b013-4ba6-9020-807fe153477e
2024-01-22T00:00:00,ETH,2310.826416015625,a5126853-375f-4c9a-af43-596aa2e17062
2024-01-23T00:00:00,ETH,2240.68603515625,09523851-dc6b-4e05-9732-fb78a3871c4d
2024-01-24T00:00:00,ETH,2233.561767578125,42e960ac-364d-42ea-ba5e-cc6244e937da
2024-01-25T00:00:00,ETH,2217.710205078125,d132cd41-f4fe-42ed-a2aa-96487875a4c4
2024-01-26T00:00:00,ETH,2267.19970703125,6032de25-3c95-4867-990b-e3bf67a9e55f
2024-01-27T00:00:00,ETH,2267.885986328125,aea7916d-d3c4-48a7-854e-87ae050c9ca6
2024-01-28T00:00:00,ETH,2257.208740234375,e3730461-3f9e-4464-a907-21757a6bbfc5
2024-01-29T00:00:00,ETH,2317.064208984375,c017d4f9-f0b3-44e2-81f2-de7165f179a9
2024-01-30T00:00:00,ETH,2344.49365234375,1c8f8f44-82f3-4d09-8742-e1aefb2866d4
2024-01-31T00:00:00,ETH,2282.54443359375,e592f75b-15f8-43e9-8411-713fae8c9818
2024-02-01T00:00:00,ETH,2303.82470703125,66d66155-b5c2-4b73-9949-db504b6ae419
2024-02-02T00:00:00,ETH,2308.0380859375,16424ee6-c5aa-4748-848a-956ce448a5d9
2024-02-03T00:00:00,ETH,2296.038330078125,c356b05c-d6cb-442e-ac97-099dafad7ee5
2024-02-04T00:00:00,ETH,2289.546142578125,a8fe119a-b57c-4a27-90a3-18489ac0fb6e
2024-02-05T00:00:00,ETH,2298.888916015625,4d6593a2-f6e1-4043-9d0a-43c949a4ef1e
2024-02-06T00:00:00,ETH,2372.201904296875,ba9617d1-fba2-47ca-a260-3305d5712d4e
2024-02-07T00:00:00,ETH,2423.7451171875,c92fea20-6b3b-4b8e-afc6-71413dc75ec7
2024-02-08T00:00:00,ETH,2419.906494140625,add3909a-574f-46e8-984a-0acbd3f1c209
2024-02-09T00:00:00,ETH,2487.515625,0c3a748e-7fe2-4ca4-837f-c891c76d3b89
2024-02-10T00:00:00,ETH,2501.228271484375,0e592337-afb0-4444-8c26-8cb590568bf4
2024-02-11T00:00:00,ETH,2507.570556640625,b616f1ba-71a0-4596-8a74-2a2d8348ebbc
2024-02-12T00:00:00,ETH,2658.115966796875,e1cf282a-5898-4150-af5a-3b725d769c1d
2024-02-13T00:00:00,ETH,2642.185302734375,93b0ccba-4142-4543-806d-28be660bff4a
2024-02-14T00:00:00,ETH,2777.90234375,43f71e8f-a12d-4d99-a26b-d0425e7dd7b3
2024-02-15T00:00:00,ETH,2824.37890625,966efec3-700f-40e6-839c-8f06b6be89f6
2024-02-16T00:00:00,ETH,2803.69140625,118b021d-e94c-4692-8e39-d29a4385d60f
2024-02-17T00:00:00,ETH,2786.672607421875,c57c8ee2-634e-43e5-b3c3-bbe9ce8c2787
2024-02-18T00:00:00,ETH,2878.998046875,6bb1ceaf-8a97-47d8-9968-0eea666fac79
2024-02-19T00:00:00,ETH,2943.57470703125,3cec1b7e-2fe6-45e8-b8b4-bc109e8c4602
2024-02-20T00:00:00,ETH,3013.503662109375,bffa3f09-b2ef-4792-8d4f-2787aae416ad
2024-02-21T00:00:00,ETH,2970.35546875,f1f2a579-3131-408a-a908-0078805f71df
2024-02-22T00:00:00,ETH,2971.00732421875,31309dfa-3d22-4a5b-a1e6-5c5ee5e3a7b6
2024-02-23T00:00:00,ETH,2921.658203125,cfd6a956-4d9d-43a7-8b28-95765e04a748
2024-02-24T00:00:00,ETH,2992.385986328125,aa565b50-506c-482b-be4f-ac8ecd73a91d
2024-02-25T00:00:00,ETH,3112.697265625,0f05b318-b7e8-48ad-91dc-10d795a7109a
2024-02-26T00:00:00,ETH,3178.99365234375,7f0a2f2e-91d3-454e-af06-ef51fb81656b
2024-02-27T00:00:00,ETH,3244.519287109375,90cf9785-40ee-422f-9aee-8550a7c59b0c
2024-02-28T00:00:00,ETH,3385.703857421875,dea2c557-79bc-4462-87c5-da6339fdb326
2024-02-29T00:00:00,ETH,3341.919677734375,fdce129b-11e9-4a97-a58b-166263485f26
2024-03-01T00:00:00,ETH,3435.053955078125,9dec183d-80d4-41a7-973d-31e5238b44fc
2024-03-02T00:00:00,ETH,3422.0498046875,962911bd-1037-4744-8403-de67c6e60e3f
2024-03-03T00:00:00,ETH,3490.99365234375,17dd513f-09c0-4f3c-ab2b-b59167a35102
2024-03-04T00:00:00,ETH,3630.433837890625,ea7177e4-701c-4830-b633-0aa7e4117bc4
2024-03-05T00:00:00,ETH,3554.964599609375,151a74f8-6fd3-4857-a514-b7db66578957
2024-03-06T00:00:00,ETH,3819.226318359375,9eb696dc-ad83-480d-ac1d-aa83390dde77
2024-03-07T00:00:00,ETH,3874.34765625,36ba7ebc-a140-4148-89e3-932cc48def63
2024-03-08T00:00:00,ETH,3892.06103515625,e320cc35-2744-4099-b6e5-c56c94118d81
2024-03-09T00:00:00,ETH,3915.4189453125,ad054590-e32b-4171-a90c-38f6d5eebf5f
2024-03-10T00:00:00,ETH,3881.193115234375,1da29fa6-8025-4967-8c89-db9e844a1da9
2024-03-11T00:00:00,ETH,4066.445068359375,49746ba3-bc39-4428-831a-a00c0a282e2c
2024-03-12T00:00:00,ETH,3980.273193359375,0323292a-e6f6-470d-91fc-cfc6e14d0ce7
2024-03-13T00:00:00,ETH,4006.45703125,b50d573d-9a5b-44b3-88f4-246a9b0579f6
2024-03-14T00:00:00,ETH,3883.140380859375,1e5e56f9-50db-43be-8f4c-5ffa4590f8ff
2024-03-15T00:00:00,ETH,3735.22021484375,7da4ef66-e6e8-4290-806e-9b3311579eea
2024-03-16T00:00:00,ETH,3522.860107421875,0cc1c2f9-d399-4145-b087-e54a95688b0f
2024-03-17T00:00:00,ETH,3642.4130859375,2c5c9185-1de7-404b-9465-5cd127b6cf0f
2024-03-18T00:00:00,ETH,3517.985107421875,89e66c55-ed58-40b6-95c8-99506def720f
2024-03-19T00:00:00,ETH,3157.6181640625,c8e950d8-45a6-4f09-b15c-e9a94f7c971a
2024-03-20T00:00:00,ETH,3513.39306640625,7bba2992-7c25-48a3-ac90-f43faf78f376
2024-03-21T00:00:00,ETH,3492.9912109375,2519e615-cdbd-4259-92ca-6a3998dfae23
2024-03-22T00:00:00,ETH,3333.68798828125,d5ecbce0-5049-45ce-9b4e-fdf59a702a5d
2024-03-23T00:00:00,ETH,3336.593994140625,5dcb91ec-2f94-435e-951e-ab6fdb62fcf2
2024-03-24T00:00:00,ETH,3454.636474609375,ee15aac6-46b0-47fc-8e98-8639156c119b
2024-03-25T00:00:00,ETH,3590.8837890625,9c306ee1-bd56-404e-948b-4c097bfb56fc
2024-03-26T00:00:00,ETH,3587.5048828125,cf1437c8-69a5-4f56-9046-23d237cc7746
2024-03-27T00:00:00,ETH,3500.115234375,3607c9b8-b256-4f96-a51c-6aea054d1039
2024-03-28T00:00:00,ETH,3561.2939453125,b2e88926-2087-47df-ba86-87a47627b0d7
2024-03-29T00:00:00,ETH,3511.80615234375,48d66b66-0ac0-47d2-8ad1-f08cc5c29551
2024-03-30T00:00:00,ETH,3507.9443359375,09d26612-9ea1-4a53-af70-86683f0ae13d
2024-03-31T00:00:00,ETH,3647.8564453125,17dd2552-fadd-4d82-8858-4f55a5846ea3
2024-04-01T00:00:00,ETH,3505.030029296875,3eb76688-5843-46de-997f-ac88c11cd2e8
2024-04-02T00:00:00,ETH,3277.234619140625,371df4b6-68af-463a-b90f-f09bc52ff24f
2024-04-03T00:00:00,ETH,3311.44189453125,4b53bb5d-7076-4be5-a34b-21c88a2f3f43
2024-04-04T00:00:00,ETH,3330.04052734375,56a88a6c-6759-4472-8086-066e6db33e56
2024-04-05T00:00:00,ETH,3318.88525390625,ac3d9fa0-854d-43f7-86d3-77b6a47a8a90
2024-04-06T00:00:00,ETH,3354.183837890625,dd8cd7ba-57cc-42bc-86a4-d0f5b7ea16bd
2024-04-07T00:00:00,ETH,3453.49462890625,a4927be5-47cd-4ba6-bd1d-d026317b67dd
2024-04-08T00:00:00,ETH,3695.292724609375,a57a25f5-dd3e-4585-8ea3-f4332ce50e81
2024-04-09T00:00:00,ETH,3505.163330078125,4942966c-413b-4d34-8979-22c69008b7a1
2024-04-10T00:00:00,ETH,3543.737060546875,3cad6928-c345-46a8-b125-10b8fbae47ef
2024-04-11T00:00:00,ETH,3505.247802734375,cb821768-d95a-4bfa-aa33-2ce5ce507f16
2024-04-12T00:00:00,ETH,3243.034912109375,cfb091e5-84c9-421b-b272-ebb3b46a92e5
2024-04-13T00:00:00,ETH,3004.900390625,4cfc6942-13a5-4992-9d31-fb37bdea5b0a
2024-04-14T00:00:00,ETH,3156.94189453125,c2cfd413-c315-47b0-8e61-6782bba82158
2024-04-15T00:00:00,ETH,3101.600341796875,9b50f639-feff-44e5-b176-3be5e67d98c0
2024-04-16T00:00:00,ETH,3084.920166015625,4d1ce0d8-bc73-4edb-ab5f-3093884c5ed1
2024-04-17T00:00:00,ETH,2984.7275390625,897dea8d-6ce0-4980-8ee8-3c7eb725eb23
2024-04-18T00:00:00,ETH,3066.027587890625,822df5dd-3db2-4c93-a30e-9f5d0b633e2e
2024-04-19T00:00:00,ETH,3059.278564453125,c98add89-5e2f-4bcc-b21a-87fec983f01c
2024-04-20T00:00:00,ETH,3157.627197265625,a179e7f8-18b6-43bf-a8e7-bb58da489425
2024-04-21T00:00:00,ETH,3147.28857421875,e10508af-e591-4ac1-931a-2af25858b90d
2024-04-22T00:00:00,ETH,3201.652099609375,a8477677-171a-4917-98f6-165f9c03c77a
2024-04-23T00:00:00,ETH,3219.91162109375,3fd58071-048e-442f-b51f-ccf3bc37a219
2024-04-24T00:00:00,ETH,3139.80517578125,59a13d94-ff96-463f-8e6e-8e64fbf3cc03
2024-04-25T00:00:00,ETH,3156.509521484375,c0c6771e-9f96-4d03-86a9-3bd5ed90b83c
2024-04-26T00:00:00,ETH,3130.164794921875,786ca1bc-a233-4ac2-88d9-bec7a4bec27f
2024-04-27T00:00:00,ETH,3252.168212890625,8cca01bf-803e-4804-b6cf-f877ad9e9cbf
2024-04-28T00:00:00,ETH,3262.774658203125,78d67daf-fc54-4397-855d-75e4decc9e43
2024-04-29T00:00:00,ETH,3215.428955078125,a6525ed8-78cf-4237-b22b-6501843d2d80
2024-04-30T00:00:00,ETH,3012.286865234375,1ed4078f-f087-41e0-8373-f73806a35d11
2024-05-01T00:00:00,ETH,2969.78466796875,8baf4a6b-16c5-4a43-a018-44a08a85a973
2024-05-02T00:00:00,ETH,2988.16845703125,89e4930e-13c7-4845-80c0-a882b4070912
2024-05-03T00:00:00,ETH,3103.5419921875,cf39d307-05c0-40c6-a027-1a9c7845ae26
2024-05-04T00:00:00,ETH,3117.576416015625,11763bb7-33cf-4e5c-8f85-ee935ba96c52
2024-05-05T00:00:00,ETH,3137.2490234375,8ba06b1b-d784-498b-b32f-249f5440e776
2024-05-06T00:00:00,ETH,3062.728759765625,fdac3cad-0c16-491a-b3df-892e4219bbdf
2024-05-07T00:00:00,ETH,3006.5771484375,84e6b536-065f-433b-90b5-5c3a48094c39
2024-05-08T00:00:00,ETH,2973.6572265625,c82e8abe-e0e3-48c6-a432-888244dd730e
2024-05-09T00:00:00,ETH,3036.0205078125,715b4a27-554a-4784-97e2-75ad7abce084
2024-05-10T00:00:00,ETH,2909.791259765625,6e98cfcf-7f37-4d3d-af93-8c465538815c
2024-05-11T00:00:00,ETH,2911.60205078125,b5dcf4fe-69f8-498f-bb9f-9be8e78f7272
2024-05-12T00:00:00,ETH,2928.701904296875,1632d5de-ea7c-42da-9898-0c42342aa877
2024-05-13T00:00:00,ETH,2949.359619140625,27aeafa2-1141-4c4a-b815-1418b33b5564
2024-05-14T00:00:00,ETH,2881.157958984375,4bb0d6df-765a-420d-84e1-cfa512a9748b
2024-05-15T00:00:00,ETH,3037.056640625,0001c210-b9a3-44a1-94dc-42910b9a92cc
2024-05-16T00:00:00,ETH,2945.131103515625,e5fe4d49-c0d8-48a2-ab11-489066e37b4c
2024-05-17T00:00:00,ETH,3094.11865234375,721b8af6-ee86-4eaf-8fc2-b687d3f64e54
2024-05-18T00:00:00,ETH,3122.948974609375,edd10e1e-734a-48f3-8f5a-84a864cea0cb
2024-05-19T00:00:00,ETH,3071.843017578125,67c8e1d0-04d6-417c-a1dc-e2edc2c8ea0c
2024-05-20T00:00:00,ETH,3663.85546875,fb74c44f-be7e-49af-bcd3-6a23bda3f5f9
2024-05-21T00:00:00,ETH,3789.312744140625,dcf1a123-843b-4270-a878-451cb4ceb32b
2024-05-22T00:00:00,ETH,3737.2177734375,7898bb0b-7e89-456a-921c-91e8eca69fa8
2024-05-23T00:00:00,ETH,3776.92724609375,e64fb60a-3bbf-4fe5-8872-5e35f5573db6
2024-05-24T00:00:00,ETH,3726.9345703125,0d53ac15-9c93-4a48-a778-a52c2c1117a3
2024-05-25T00:00:00,ETH,3749.236572265625,a6e4b80f-84e3-46c0-81a6-2e6161143cc5
2024-05-26T00:00:00,ETH,3825.8974609375,47a91c5d-b882-4289-aa96-38ef5e0b6d7b
2024-05-27T00:00:00,ETH,3892.0068359375,90a29ced-459c-4381-b60a-35055406267e
2024-05-28T00:00:00,ETH,3840.25634765625,8e3cec4a-da40-4909-ae2f-224fcda45c71
2024-05-29T00:00:00,ETH,3763.196533203125,b7ae16ee-2a48-4dc7-839c-950d00f31633
2024-05-30T00:00:00,ETH,3746.849609375,18074854-b22f-4fc6-8e93-b2f95b199679
2024-05-31T00:00:00,ETH,3760.026611328125,208b9ec0-0396-4476-91cb-ecdfb3ec4935
2024-06-01T00:00:00,ETH,3813.198974609375,40199d33-794f-4261-b274-8c56a7b20766
2024-06-02T00:00:00,ETH,3780.89599609375,77eadcde-6fd9-4922-b24a-f3e0117550ac
2024-06-03T00:00:00,ETH,3766.38916015625,e5c812f1-d524-4510-8dca-e5775d8a8cb4
2024-06-04T00:00:00,ETH,3812.515869140625,5ec8aaf2-2dfa-48cf-8de7-154eef5c32d9
2024-06-05T00:00:00,ETH,3864.260986328125,e9325ce9-00db-4f3c-b7f2-7a3314f9a4cc
2024-06-06T00:00:00,ETH,3811.60595703125,772f1f27-7e96-4932-8ba5-24d1b5f6b492
2024-06-07T00:00:00,ETH,3678.629150390625,2e301e07-a9c7-41ca-8e8e-d7cfd624b1a0
2024-06-08T00:00:00,ETH,3680.949951171875,9d7a47cd-03ac-4230-872e-17497453b4cb
2024-06-09T00:00:00,ETH,3705.90380859375,5b2a15fd-00c1-4289-90cc-c4185019cbe1
2024-06-10T00:00:00,ETH,3666.717529296875,f29e63ea-23e8-4b6c-bb51-71abe466d230
2024-06-11T00:00:00,ETH,3498.33056640625,4c584629-4787-489f-9dd5-8f20794c4a03
2024-06-12T00:00:00,ETH,3559.61767578125,bd090235-a330-44d2-95f6-7eb3adbbc773
2024-06-13T00:00:00,ETH,3469.28125,df1a9264-f2a2-423b-b489-e90de0164ba0
2024-06-14T00:00:00,ETH,3480.27197265625,425c4fd3-d03f-4354-94dd-a8885dba60c0
2024-06-15T00:00:00,ETH,3565.549560546875,b31c0657-4a69-4066-85d9-a1d5fe9fd2ba
2024-06-16T00:00:00,ETH,3620.5634765625,4eeeb3fc-53e2-4711-8f8f-5bac6df385b5
2024-06-17T00:00:00,ETH,3511.37890625,070c39e3-c8c8-486f-9b56-c5c4c712133c
2024-06-18T00:00:00,ETH,3483.681396484375,d0148d15-b432-49cc-b647-ebfcb19ef327
2024-06-19T00:00:00,ETH,3559.347412109375,2a0e5c46-6f26-463e-8194-5a514dfe2e88
2024-06-20T00:00:00,ETH,3511.0869140625,ebb483f0-ffda-4d99-8cf8-1d4960ed2ea6
2024-06-21T00:00:00,ETH,3516.07568359375,59060393-e97e-4df0-aefa-74cb90405638
2024-06-22T00:00:00,ETH,3494.8134765625,2767cd4f-d0d5-4782-b371-ebc303619050
2024-06-23T00:00:00,ETH,3418.61181640625,766ddef3-6376-4851-a72e-11b561653391
2024-06-24T00:00:00,ETH,3350.25634765625,2bfbcf2f-daf5-4330-9942-158b4848ac5c
2024-06-25T00:00:00,ETH,3395.029052734375,eb4e9d8f-bfd0-4ab3-ab15-f1709fdc0a3e
2024-06-26T00:00:00,ETH,3369.477294921875,ace4d63f-453c-43f5-a5ed-37f5de748099
2024-06-27T00:00:00,ETH,3444.800537109375,f0ea41fe-5312-4940-b247-139ed3558790
2024-06-28T00:00:00,ETH,3373.635986328125,512baa02-9967-48c9-abc8-70c57128872d
2024-06-29T00:00:00,ETH,3372.9677734375,f6294f43-5307-40f7-8d02-63888c0b58cb
2024-06-30T00:00:00,ETH,3432.88916015625,197f3280-1e3b-456b-ade1-45771175306a
2024-01-01T00:00:00,SOL,109.50868225097656,30c1537a-ce57-496a-bb17-655acc1287e6
2024-01-02T00:00:00,SOL,106.61122131347656,be0f9c59-a64c-4b78-8541-a1db5f51053c
2024-01-03T00:00:00,SOL,98.59443664550781,6d951969-777a-41da-8502-a72a47dc2c22
2024-01-04T00:00:00,SOL,105.0775375366211,861b1fdc-a316-4e33-a681-86a5eda3a0b8
2024-01-05T00:00:00,SOL,99.97879028320312,33f7e928-7f7a-448c-affe-b16d4cb3140f
2024-01-06T00:00:00,SOL,93.85771942138672,f1ec6761-b663-44f9-acd5-29101842711c
2024-01-07T00:00:00,SOL,89.2763442993164,812d366d-a759-4f4b-bd9e-a6db756a14e0
2024-01-08T00:00:00,SOL,97.79044342041016,d8b32001-5512-45a5-a685-7871bb32616a
2024-01-09T00:00:00,SOL,99.40918731689453,f5c651d8-1dda-4dbe-a659-3b350e3388c2
2024-01-10T00:00:00,SOL,102.03302001953125,8c288aa6-70ca-416a-87af-0f877f6a73b8
2024-01-11T00:00:00,SOL,99.90943908691406,114946cf-603a-49ee-a611-1f79bf7f0652
2024-01-12T00:00:00,SOL,91.72090911865234,128d11d0-2657-4527-944e-d6c4ae2c2422
2024-01-13T00:00:00,SOL,95.73004913330078,a8795b9c-e138-4ed4-9305-2b1f0218aaa7
2024-01-14T00:00:00,SOL,94.13314056396484,086f4a06-c151-4509-8abc-1e294eabdcf1
2024-01-15T00:00:00,SOL,94.49022674560547,1f6036a4-586f-4c33-a242-4d8a62eec57b
2024-01-16T00:00:00,SOL,97.62691497802734,a230a3c6-8918-4e3e-a119-39093ef289b9
2024-01-17T00:00:00,SOL,102.0635986328125,38254283-d8d1-43e3-ab8e-1d8d56dec1bf
2024-01-18T00:00:00,SOL,94.2509536743164,298f446e-e1fe-4a91-92ae-f6e830e4bdbe
2024-01-19T00:00:00,SOL,93.38616943359375,5003bfa0-cad3-4c01-b389-e6f9b2f91245
2024-01-20T00:00:00,SOL,92.56983947753906,f8f9ae5a-a100-4538-b860-24286b463c20
2024-01-21T00:00:00,SOL,90.84843444824219,b1c77632-394c-4772-8f16-1071eb69af52
2024-01-22T00:00:00,SOL,83.62281036376953,1b902140-229e-4b1f-a12a-47a514a3c77c
2024-01-23T00:00:00,SOL,84.27450561523438,967094b2-91be-4d30-8077-ca0c00e471f3
2024-01-24T00:00:00,SOL,88.73200988769531,db4c63be-49b6-466c-b354-6b751f0b5c25
2024-01-25T00:00:00,SOL,86.88921356201172,9a24861f-a00b-45f9-b0a2-7eae8340323a
2024-01-26T00:00:00,SOL,92.44236755371094,6d6528f5-baff-48b5-a080-3c845e7a3918
2024-01-27T00:00:00,SOL,94.16321563720703,db5e80f5-1aec-412b-bfb0-c8f99bbfd522
2024-01-28T00:00:00,SOL,95.93798065185547,80c0d5d1-3fec-47e3-b54b-12fafa7901ce
2024-01-29T00:00:00,SOL,101.56666564941406,2aea5e0c-eed3-4f7b-99f8-a52def3e207d
2024-01-30T00:00:00,SOL,101.47297668457031,d1590c71-aeb5-467e-a642-f4d0f729eb7c
2024-01-31T00:00:00,SOL,97.0287094116211,e08afbc6-48bc-4f01-a2de-825e76d34793
2024-02-01T00:00:00,SOL,97.84669494628906,711e7b3d-fac8-4637-92f7-89e43959602f
2024-02-02T00:00:00,SOL,100.44052124023438,c4a4412f-9842-4423-bb11-adfbbcd61af2
2024-02-03T00:00:00,SOL,97.8799819946289,068b09de-239d-4972-ad72-9fa55249e632
2024-02-04T00:00:00,SOL,95.47695922851562,ca157c29-d20d-4d07-a1bd-2dd224b83a20
2024-02-05T00:00:00,SOL,95.54866027832031,0598f250-760d-4e2b-9d6b-49ff24161c5d
2024-02-06T00:00:00,SOL,96.86107635498047,6e7dc524-8021-4616-b473-951a88116441
2024-02-07T00:00:00,SOL,100.97927856445312,a4388e83-2247-4ab0-ba79-57c4d0d55684
2024-02-08T00:00:00,SOL,102.78563690185547,7b7e83dc-3dea-4241-8202-3865a5ebca96
2024-02-09T00:00:00,SOL,106.93333435058594,43f2dec1-4838-44fe-9e8c-6cc0f575925e
2024-02-10T00:00:00,SOL,109.1314697265625,35ca4de4-5aeb-4666-9513-2f3fe06964f1
2024-02-11T00:00:00,SOL,107.49528503417969,c58fcf46-53be-4a71-b61b-662c8e65d380
2024-02-12T00:00:00,SOL,111.99275207519531,cf84ec43-7abb-4462-8286-676179d0a9e6
2024-02-13T00:00:00,SOL,112.57930755615234,45a6e562-3336-4da8-9133-a9084268343a
2024-02-14T00:00:00,SOL,116.97632598876953,e2efaa22-8365-4fa8-aa7c-b1ecedd00007
2024-02-15T00:00:00,SOL,113.69940948486328,ecc1eeba-3b53-4c65-9bf7-c53adedeca04
2024-02-16T00:00:00,SOL,110.44591522216797,b57b62c3-e0a0-49b2-8c40-b7c43c12aad1
2024-02-17T00:00:00,SOL,108.98401641845703,e3b836b3-f856-4484-b35d-bff253a23d42
2024-02-18T00:00:00,SOL,112.17467498779297,f769f6e7-a783-4c88-bebf-b14a761fe16f
2024-02-19T00:00:00,SOL,111.4853286743164,d1c262e4-3725-41ed-9700-30b117b6d369
2024-02-20T00:00:00,SOL,108.45964050292969,b5d50864-2e1d-472b-b1df-314247d8a7fd
2024-02-21T00:00:00,SOL,105.1252212524414,5a5756a4-6fdb-4613-b3ab-5cfcbd9c853d
2024-02-22T00:00:00,SOL,101.66979217529297,f57723e9-dc78-429f-8d5c-36a69a6ae559
2024-02-23T00:00:00,SOL,99.95469665527344,d8068599-2586-4e9a-9463-e6830f4b34d5
2024-02-24T00:00:00,SOL,104.1335220336914,329b6243-94e9-46df-b88d-f1362e606f39
2024-02-25T00:00:00,SOL,103.4534912109375,01765038-025b-42b7-a70e-115fb9e0b8c7
2024-02-26T00:00:00,SOL,109.91853332519531,6ec59787-bdcb-46c3-8f30-49b238fdd236
2024-02-27T00:00:00,SOL,108.3880844116211,09e2bce0-a177-4f88-84ab-52a03bd8018e
2024-02-28T00:00:00,SOL,118.05220031738281,c5aa215a-4351-42cf-8165-97c00f302a49
2024-02-29T00:00:00,SOL,125.71151733398438,003888fb-e100-4182-892c-4e97715d9663
2024-03-01T00:00:00,SOL,129.9904022216797,9c224744-09a6-40c9-937b-78f6fb5f374b
2024-03-02T00:00:00,SOL,129.70018005371094,c2e280c4-3bd2-4c85-98d0-0521f7541e81
2024-03-03T00:00:00,SOL,130.45086669921875,8c4a6e40-7b10-430d-b5d9-330725f95ac1
2024-03-04T00:00:00,SOL,133.194580078125,22c2522c-4da7-44d7-95bc-c1953cb7eb46
2024-03-05T00:00:00,SOL,125.70671081542969,4ca921fe-5e02-4300-87ae-9d6578c75df4
2024-03-06T00:00:00,SOL,130.7420196533203,b4395d4a-a3fc-417a-81de-7009f3c62dc0
2024-03-07T00:00:00,SOL,143.9778594970703,f61c95e6-5fe1-47c3-84a9-66d21afb9cf7
2024-03-08T00:00:00,SOL,145.2400360107422,e6c356e2-0059-4aa8-a4ac-b6a47e187022
2024-03-09T00:00:00,SOL,144.6072540283203,82d15bd6-d8e6-4d90-8682-6cf32c627136
2024-03-10T00:00:00,SOL,144.5151824951172,75506a49-76b3-4afd-813b-de65c8a22e88
2024-03-11T00:00:00,SOL,148.75096130371094,bd3a96b0-fb9a-4622-aa49-fef8a463084b
2024-03-12T00:00:00,SOL,151.01544189453125,db1d17d9-97d0-425a-8944-e771ac800a83
2024-03-13T00:00:00,SOL,163.83981323242188,aff34ad3-c8d3-4a20-903f-83e11229554f
2024-03-14T00:00:00,SOL,176.67974853515625,af9240ec-1f29-46b5-8e17-e45beb6e4478
2024-03-15T00:00:00,SOL,182.96469116210938,033aef66-dc67-4dc1-8e8d-902114031651
2024-03-16T00:00:00,SOL,181.88034057617188,a8b9e732-f79a-4455-9871-628958523a88
2024-03-17T00:00:00,SOL,202.12356567382812,2158ecf0-25fc-45f6-ab33-9e7b2f3d3373
2024-03-18T00:00:00,SOL,195.9927520751953,e1ff904f-cb60-4d3b-8c95-42076cc6e34a
2024-03-19T00:00:00,SOL,170.0162811279297,836093cc-8a0a-4f51-a422-2fc55acace96
2024-03-20T00:00:00,SOL,191.54962158203125,752cd281-6b79-4f03-8085-ef5afdfaefcd
2024-03-21T00:00:00,SOL,179.2207489013672,effa93fe-291e-4a13-b38a-86eaae2f9996
2024-03-22T00:00:00,SOL,174.36370849609375,48676ecf-5ef0-4ef1-b229-84c576e3fcb4
2024-03-23T00:00:00,SOL,172.90225219726562,a7986bc0-7053-4149-8e0d-020ef5f9af77
2024-03-24T00:00:00,SOL,183.57345581054688,41ab1f6b-21ba-454a-a4bd-5b3baee12f66
2024-03-25T00:00:00,SOL,189.0835418701172,7a34f7cd-0db8-4dd0-9a86-fadb0a0145e3
2024-03-26T00:00:00,SOL,190.69985961914062,718f5327-234f-40a5-bf81-14a7359ee2d2
2024-03-27T00:00:00,SOL,186.36146545410156,d36fd884-f157-4e32-bf22-456f53b80a96
2024-03-28T00:00:00,SOL,189.6216278076172,09b39093-149c-45ff-a13c-452a30c11940
2024-03-29T00:00:00,SOL,192.2279510498047,280b43eb-50d5-4f79-a467-e47d1a5b3d85
2024-03-30T00:00:00,SOL,194.3855438232422,295ba2c4-4d53-459c-b865-6db7c37571c1
2024-03-31T00:00:00,SOL,202.87413024902344,a683ec87-93f0-41ae-8131-a9838fb7351a
2024-04-01T00:00:00,SOL,192.5678253173828,6acedd63-4599-47bb-a0c6-7ee48a81d98d
2024-04-02T00:00:00,SOL,181.17225646972656,8e079358-9380-45f2-b55c-f19f25f0bbf8
2024-04-03T00:00:00,SOL,185.2486114501953,43128f4d-419e-47d2-930a-5f17c396c482
2024-04-04T00:00:00,SOL,183.95811462402344,598878a2-6f9e-4b83-acee-bdf9219d812b
2024-04-05T00:00:00,SOL,174.5015106201172,08576852-776e-4c7c-93ed-0d0e0b7b102f
2024-04-06T00:00:00,SOL,178.91534423828125,680369b1-c768-462c-9502-0be4840fb543
2024-04-07T00:00:00,SOL,179.6498565673828,ed3be4b8-857b-4981-ad69-def2270c6d78
2024-04-08T00:00:00,SOL,180.78477478027344,4862bc83-c953-4428-b796-e992efece411
2024-04-09T00:00:00,SOL,172.4136199951172,18683c65-07f8-4454-9320-7cde900e99ea
2024-04-10T00:00:00,SOL,173.43736267089844,5df2c1d6-dfbb-4713-b1d2-a691db12453b
2024-04-11T00:00:00,SOL,172.5763702392578,e5742ba6-13bd-4032-901b-208c3b92c80b
2024-04-12T00:00:00,SOL,153.63546752929688,421e76dd-518c-49bb-acfc-f220b7d15301
2024-04-13T00:00:00,SOL,139.34169006347656,8c452836-8627-4cea-b6ef-b6bd34653a9a
2024-04-14T00:00:00,SOL,151.28494262695312,ce3b706c-26a6-4926-8954-ce1eff325177
2024-04-15T00:00:00,SOL,138.5086212158203,295c639c-6d8c-4ec9-b26d-df4b965b67a3
2024-04-16T00:00:00,SOL,136.27932739257812,8348fee5-cc7a-4f02-a171-c99c17c59ec2
2024-04-17T00:00:00,SOL,131.86618041992188,2d02b494-177f-4b89-86f3-c8f1625af54f
2024-04-18T00:00:00,SOL,142.0823974609375,e335902b-13ea-4d2d-846c-c266ff0eea73
2024-04-19T00:00:00,SOL,142.6804962158203,61602f29-015c-4a6b-a0db-8f86fb411354
2024-04-20T00:00:00,SOL,151.13356018066406,eb8c39bf-d1ff-4518-b93f-be6528a8559f
2024-04-21T00:00:00,SOL,148.60931396484375,55cf0590-57f0-46d7-85f5-116a54c6d27a
2024-04-22T00:00:00,SOL,157.03121948242188,fce160f7-81b7-4048-a5ff-4d200c6ac1ed
2024-04-23T00:00:00,SOL,154.70130920410156,8302dc46-8a1c-4d0d-ae8c-69971a0ea294
2024-04-24T00:00:00,SOL,147.74514770507812,1d080f9e-6b71-469d-a3ea-1ac75a01fa2d
2024-04-25T00:00:00,SOL,144.89212036132812,dcdb04cd-3822-4a3f-b6fb-560fc242744d
2024-04-26T00:00:00,SOL,139.10433959960938,81e20251-a224-43fc-831c-1a808d2a78c0
2024-04-27T00:00:00,SOL,141.28916931152344,ddc99fb7-9888-461b-b2ea-57ec00985cca
2024-04-28T00:00:00,SOL,137.85641479492188,7a3a74fb-e1ed-4c58-8d59-b6f2d36b658d
2024-04-29T00:00:00,SOL,137.7766571044922,9cf4068e-3db5-4d7a-b28b-78495ec294b5
2024-04-30T00:00:00,SOL,126.96270751953125,a4ae6cc6-4138-49be-b075-955b3a12359a
2024-05-01T00:00:00,SOL,134.6279754638672,02f7abf1-e511-4a3a-8b84-12aadae98f6b
2024-05-02T00:00:00,SOL,137.81448364257812,81f31940-6115-428d-96f2-6739291f11d8
2024-05-03T00:00:00,SOL,143.77255249023438,96547945-6875-48e1-aac3-a2c7fd0c7404
2024-05-04T00:00:00,SOL,146.1350555419922,e174b4ec-3b9a-4b7d-9fa6-7215275475f1
2024-05-05T00:00:00,SOL,145.71302795410156,e9c9cdcd-a5b9-4404-8b22-31d238675a00
2024-05-06T00:00:00,SOL,152.80239868164062,77858dc2-892a-4dd0-8ed3-7a2fb8471188
2024-05-07T00:00:00,SOL,148.1343231201172,e01bad7e-1b8b-49e9-8d3c-0750a7457804
2024-05-08T00:00:00,SOL,142.29473876953125,e4b2b0fb-5544-4a0e-83aa-a2bc989cf1c6
2024-05-09T00:00:00,SOL,152.84994506835938,5e54675e-ef3f-42da-822b-657c9983d5c3
2024-05-10T00:00:00,SOL,146.21690368652344,26e772a7-eeaf-407f-b9cb-6584d7bf7937
2024-05-11T00:00:00,SOL,145.3143768310547,de1c129d-e710-4984-a916-cbd0550f3690
2024-05-12T00:00:00,SOL,143.52081298828125,5a4f541c-25de-4149-93b1-ab82705450ed
2024-05-13T00:00:00,SOL,147.28233337402344,39001c4e-0691-4162-8835-b7c91f16dcf6
2024-05-14T00:00:00,SOL,142.0303955078125,6958e7b8-9adc-4d38-9313-6e29c0fb0d1e
2024-05-15T00:00:00,SOL,158.18682861328125,2fb4aeb4-c6a7-490a-8854-8fa1d7dbbaa7
2024-05-16T00:00:00,SOL,159.116455078125,785db84b-0017-4faa-85d8-7905f1dba421
2024-05-17T00:00:00,SOL,169.53054809570312,2cd3d3ec-2b52-479f-9219-04351d003c63
2024-05-18T00:00:00,SOL,172.5391387939453,fc0a6aec-8c43-4bf9-96da-ce391d678270
2024-05-19T00:00:00,SOL,170.0913543701172,cff52d3e-31fe-40ce-815b-692d40aa0533
2024-05-20T00:00:00,SOL,186.52049255371094,834834c4-4b42-4661-91c7-790f87094ebe
2024-05-21T00:00:00,SOL,178.11614990234375,54844dd9-67dd-49dd-b30c-4fb1d0c56d7f
2024-05-22T00:00:00,SOL,176.86077880859375,e55856dd-6aa4-4c13-8744-3b22dd838b79
2024-05-23T00:00:00,SOL,175.98577880859375,5f24583f-6668-4050-a84f-c468bdc0d34f
2024-05-24T00:00:00,SOL,167.7969207763672,80fffe98-290c-4d0b-9bf1-17b62045d052
2024-05-25T00:00:00,SOL,168.43763732910156,15dc9b32-753a-484b-afb9-bca4ba2a1051
2024-05-26T00:00:00,SOL,163.3509063720703,05e6114e-301d-4737-843f-8f238818c244
2024-05-27T00:00:00,SOL,169.9961395263672,72e9fc5f-3fb1-4026-992d-8297cf8902ed
2024-05-28T00:00:00,SOL,168.65084838867188,b4c94ec8-7831-4c66-b2aa-a1c4cc8cd9bc
2024-05-29T00:00:00,SOL,168.0726776123047,144f7700-4915-4739-85bb-ebe8c58e3119
2024-05-30T00:00:00,SOL,166.97653198242188,136d6f30-c448-463f-8a21-2d854b7094c1
2024-05-31T00:00:00,SOL,165.63771057128906,92199513-c238-45cf-b9da-e727cbd6387f
2024-06-01T00:00:00,SOL,166.03067016601562,9e6d58a8-edfe-42dc-907a-53a78d23faea
2024-06-02T00:00:00,SOL,163.24990844726562,127deffa-1973-491b-983e-035cbccd591f
2024-06-03T00:00:00,SOL,164.9234619140625,5d3d4478-c704-4318-9036-c54386c66289
2024-06-04T00:00:00,SOL,171.8019256591797,1bd55dec-003a-4df0-9ea1-7690a6d9e10e
2024-06-05T00:00:00,SOL,173.48291015625,bac631e2-4f7f-49a4-b511-afcdd1be109b
2024-06-06T00:00:00,SOL,170.01622009277344,f1399761-508a-4a3b-8f14-2d1abbac5209
2024-06-07T00:00:00,SOL,162.50704956054688,930d6c01-8b1d-45e9-9e77-dbf9d3566ddd
2024-06-08T00:00:00,SOL,157.96890258789062,27581a41-ee7e-4c1a-938a-77109ea10c62
2024-06-09T00:00:00,SOL,162.08360290527344,37de570e-3811-4901-bd43-68400a20c760
2024-06-10T00:00:00,SOL,158.9280242919922,ce13128a-60a3-48f3-8944-d10a3cc6a696
2024-06-11T00:00:00,SOL,149.42898559570312,97d99530-2c81-41b4-a3bf-2b41c7d91b6f
2024-06-12T00:00:00,SOL,155.1775665283203,3dc56167-83d0-4b93-843e-e7d5dd3ffaa1
2024-06-13T00:00:00,SOL,147.31442260742188,17e2fa61-f6d7-4355-985f-a3141fb761cf
2024-06-14T00:00:00,SOL,143.0944366455078,2fb3a091-b668-4ef8-95c7-66701e532f12
2024-06-15T00:00:00,SOL,145.41221618652344,26a51adf-55c9-46ec-a03f-be771f8fa04c
2024-06-16T00:00:00,SOL,151.12550354003906,8da43104-0773-4a32-813c-d366ba3107e3
2024-06-17T00:00:00,SOL,143.3342742919922,b9f5606e-4658-446b-a935-fa29ed8b4122
2024-06-18T00:00:00,SOL,137.50399780273438,414ca687-84e4-4bb1-8709-21bb7941ff0d
2024-06-19T00:00:00,SOL,135.60960388183594,185b8357-19e7-4ec4-8281-7808a181bac6
2024-06-20T00:00:00,SOL,133.47296142578125,1e1da263-a485-4c35-93ad-dbf21e2754fd
2024-06-21T00:00:00,SOL,134.5883026123047,c46250dc-12f2-4068-9eea-a2a6ef357906
2024-06-22T00:00:00,SOL,133.6702423095703,2933e787-9ec6-4272-ae0b-d8691c964814
2024-06-23T00:00:00,SOL,128.59042358398438,7037140e-4ee5-4d72-94a5-434cd62f1315
2024-06-24T00:00:00,SOL,132.24139404296875,b4a91065-44f3-4c44-973a-5dd806ab3f5d
2024-06-25T00:00:00,SOL,136.5592041015625,898a55ba-fa47-4424-a0cf-011ca6d3a507
2024-06-26T00:00:00,SOL,136.60914611816406,c5c1ee72-b1ad-4c65-a1dd-f8b8db1ea764
2024-06-27T00:00:00,SOL,149.44837951660156,57715e51-7c22-4a22-beb9-dc1de1610344
2024-06-28T00:00:00,SOL,139.70339965820312,952e1f7e-fc0b-4d66-a2e9-75afdc3114d0
2024-06-29T00:00:00,SOL,140.01014709472656,f167934f-c1c0-4576-841d-d519c33eac8b
2024-06-30T00:00:00,SOL,146.49249267578125,93926341-0f9a-40a6-8d4f-22e1ea4d7da5
2024-01-01T00:00:00,BNB,314.4082946777344,5bbff0da-3a05-4fe7-a682-606024a3dc74
2024-01-02T00:00:00,BNB,312.10382080078125,aa1b89d6-e90a-403a-819c-93b8c24bfb9e
2024-01-03T00:00:00,BNB,316.6612854003906,10c1dd0f-c2e5-4e04-b363-e1da9a18866f
2024-01-04T00:00:00,BNB,323.6000061035156,2bea9f82-89f3-4b55-bdf6-2bbb5e6b5d2a
2024-01-05T00:00:00,BNB,317.4502868652344,e9aad162-f420-4834-8172-d5a7b5a6a411
2024-01-06T00:00:00,BNB,307.79449462890625,3f8a676a-1a49-4ec7-8bd9-4f9116ac6ed7
2024-01-07T00:00:00,BNB,302.8905334472656,eed9a24c-4600-4c16-a5ac-683c29b831e9
2024-01-08T00:00:00,BNB,304.5003967285156,eb4a4240-4e2a-42dc-98f4-c36be02e2084
2024-01-09T00:00:00,BNB,300.9761047363281,b8ab5cab-72db-499f-90c8-8118437048ce
2024-01-10T00:00:00,BNB,305.0968322753906,404664eb-1de0-4f22-ab5c-a599039acf0c
2024-01-11T00:00:00,BNB,308.7015075683594,f7d5ea32-4883-4b00-be58-5aa71023304b
2024-01-12T00:00:00,BNB,296.6304626464844,1012ec79-53dd-47a8-a150-64b02218d58d
2024-01-13T00:00:00,BNB,302.227294921875,359457be-e8e0-4557-8f65-8dfa38879283
2024-01-14T00:00:00,BNB,299.05133056640625,9ccd20a8-32ad-40f8-96a0-24d9164aecd7
2024-01-15T00:00:00,BNB,317.5672607421875,0aafd92e-fe8e-42d0-a864-40093043b140
2024-01-16T00:00:00,BNB,315.22625732421875,6b930c88-22c2-438f-a1ea-dfe0ee86a72c
2024-01-17T00:00:00,BNB,309.08538818359375,dc1a4632-0bea-4efa-a505-0805588706ea
2024-01-18T00:00:00,BNB,313.2928771972656,e955267a-c669-4563-a617-03b5591e31ab
2024-01-19T00:00:00,BNB,314.3004455566406,3ebe7ef9-eee4-46f8-98e9-073e05b8cbc7
2024-01-20T00:00:00,BNB,316.96038818359375,41531d99-d489-4fae-826f-d184fb3cc5e8
2024-01-21T00:00:00,BNB,318.3186950683594,fa36cb11-6b4f-4fda-b386-ff33a79280a9
2024-01-22T00:00:00,BNB,305.43701171875,c647fc6f-73d9-4e4f-bf8e-a859c2e17de3
2024-01-23T00:00:00,BNB,298.4039001464844,6601f8f4-0019-425f-af20-4e0d2ac1971f
2024-01-24T00:00:00,BNB,293.0914306640625,624c6786-f5e1-44d9-ac59-8d6cda08c4f6
2024-01-25T00:00:00,BNB,291.9192810058594,50b948be-ce69-4eeb-b61c-b39a3991bc5c
2024-01-26T00:00:00,BNB,302.3179931640625,c54cb487-bded-40fa-9e87-5c9fe37c37e3
2024-01-27T00:00:00,BNB,305.8248291015625,2fdb1864-2f8f-4393-a7c5-4e3767e3e8e0
2024-01-28T00:00:00,BNB,304.9756164550781,beea9ae7-095b-49b4-a9b1-a9a39071d552
2024-01-29T00:00:00,BNB,310.7080078125,55d2acba-8548-4fb2-bd9e-a598b54421c8
2024-01-30T00:00:00,BNB,307.4627380371094,69d0c7b1-9037-4a4e-a74d-880da82e32ed
2024-01-31T00:00:00,BNB,300.35107421875,f9a5bf3a-d9c3-4e62-b7a0-59ea71e7b25a
2024-02-01T00:00:00,BNB,300.1759033203125,f3c3dd7e-2cf6-4cb5-837f-4e0034f63b07
2024-02-02T00:00:00,BNB,301.15496826171875,ef2aa84f-4c7d-4826-809d-4f7588e5d2c7
2024-02-03T00:00:00,BNB,299.7367248535156,8fdc5f15-838f-4d98-8cbe-2c1095ae5efb
2024-02-04T00:00:00,BNB,304.7341613769531,9ffe1af2-d017-4bb4-956b-43aab398b049
2024-02-05T00:00:00,BNB,300.8540344238281,43deabd9-9bc7-4693-917f-3bbb6f12f79b
2024-02-06T00:00:00,BNB,302.71014404296875,3d35d5c0-0167-4fb0-a38c-c6e71a424aa4
2024-02-07T00:00:00,BNB,307.63458251953125,99a5e50a-e0ae-4828-a4ba-b5aad2c5d6ba
2024-02-08T00:00:00,BNB,318.87188720703125,63b40bc3-729b-42c7-87f5-663f141a8507
2024-02-09T00:00:00,BNB,323.84228515625,7a6c17e7-a0fc-49ee-8265-f031ed453e57
2024-02-10T00:00:00,BNB,323.1338806152344,a8bea25a-6c38-4164-bc5a-d5dc98b72053
2024-02-11T00:00:00,BNB,320.78753662109375,a1a58189-2d54-420b-be62-6021bc8924f9
2024-02-12T00:00:00,BNB,327.9446105957031,08d48073-9fb2-422d-aa98-1b322022e826
2024-02-13T00:00:00,BNB,324.86822509765625,7b015b1f-1aed-4742-aa78-3b2be3d53c1c
2024-02-14T00:00:00,BNB,334.2459716796875,ca9c6bf1-bd29-4c42-a709-0d4d6a0a3d02
2024-02-15T00:00:00,BNB,354.7108154296875,7867ce48-14dc-4e93-9f02-7671483fff70
2024-02-16T00:00:00,BNB,360.890380859375,bfa6c824-9e63-4bfa-9450-1ed0749c68c6
2024-02-17T00:00:00,BNB,352.9081115722656,b0178281-a7f8-4bd4-8618-47e5d1efa19f
2024-02-18T00:00:00,BNB,349.6799621582031,b18c8bd6-7382-461c-9bd7-cbe8dc68f316
2024-02-19T00:00:00,BNB,351.8070983886719,f31d238c-59f3-4886-bfa1-30200392d404
2024-02-20T00:00:00,BNB,354.8639221191406,52d5b722-f184-4e76-b5e5-20f27dfbaf0c
2024-02-21T00:00:00,BNB,378.5373229980469,d42345a8-90df-40ef-bbe2-2c3e368a7443
2024-02-22T00:00:00,BNB,382.009765625,f9efa501-ba03-4fd0-93ea-e070c108aad4
2024-02-23T00:00:00,BNB,375.319091796875,bc9652aa-b456-4574-b2d7-dfb0032700de
2024-02-24T00:00:00,BNB,381.7427978515625,beeab65a-bf21-4f12-9bd8-d0bbbfabb656
2024-02-25T00:00:00,BNB,388.5517272949219,35752cf2-e75f-4cec-8493-61708fb94d4a
2024-02-26T00:00:00,BNB,401.6438903808594,9a41ce9a-c3f9-4fbb-9663-3344dc90d3fb
2024-02-27T00:00:00,BNB,394.9956359863281,c86acaf9-c7a0-471d-b710-6ade9e2cbdb4
2024-02-28T00:00:00,BNB,415.7716064453125,81a2521f-7fb0-44bc-a0e1-04baba4e8dcf
2024-02-29T00:00:00,BNB,399.7787170410156,a7b9e233-0f84-4b5e-b2da-20d5c1f98658
2024-03-01T00:00:00,BNB,407.8107604980469,5deb481f-f5fb-4bcb-ab32-04fbeea62e21
2024-03-02T00:00:00,BNB,410.9858703613281,9f60cf96-8911-493b-a5a2-e446abaab62e
2024-03-03T00:00:00,BNB,414.3810729980469,8c7534f2-909a-4443-9437-a37a88b70086
2024-03-04T00:00:00,BNB,419.0354309082031,5f6fb612-34f8-47fb-abfb-5c740dfa4586
2024-03-05T00:00:00,BNB,394.6617431640625,133ae960-9f89-4090-9467-ea528347cf39
2024-03-06T00:00:00,BNB,429.011962890625,c44e1360-e226-4d8e-9b63-66b2ce38a777
2024-03-07T00:00:00,BNB,475.2906494140625,045b3fca-34b3-41df-a6db-393ace7b6b09
2024-03-08T00:00:00,BNB,488.09417724609375,e7fff0f5-1219-4053-adaf-c3a305411d45
2024-03-09T00:00:00,BNB,489.56182861328125,0fc7a01e-41e0-44c5-96c2-129e5ac918c5
2024-03-10T00:00:00,BNB,529.374755859375,233cd94c-2fd5-41bb-a229-6bc450c96698
2024-03-11T00:00:00,BNB,522.718017578125,8f754223-9f3a-4121-9168-4c0b5e1ed2da
2024-03-12T00:00:00,BNB,537.86572265625,3361da46-6198-4866-b9e0-f542646563c3
2024-03-13T00:00:00,BNB,630.5613403320312,ec36bdd6-110e-401c-8f80-44e6bfe305f1
2024-03-14T00:00:00,BNB,602.9887084960938,e00733e3-79ad-44b2-839d-942417aa29fb
2024-03-15T00:00:00,BNB,632.8027954101562,79bb6683-9670-4598-a7cc-e9e567740e64
2024-03-16T00:00:00,BNB,576.7752075195312,1f2ceab8-d0ed-4b36-a4a2-771a6d3e95e9
2024-03-17T00:00:00,BNB,571.0855712890625,c8743ff8-5b08-46e5-ac46-1cb670922aa9
2024-03-18T00:00:00,BNB,554.55712890625,ad7d48d2-0bdf-4c26-8dac-874fe67eb306
2024-03-19T00:00:00,BNB,507.0765686035156,41efe47d-e45a-46b8-ac62-c5cf57e691f8
2024-03-20T00:00:00,BNB,556.7005004882812,e8e0d8df-3294-4e2f-8a6c-3013dd1a7699
2024-03-21T00:00:00,BNB,553.2482299804688,056312e5-97a0-453a-b426-060c5a3a190d
2024-03-22T00:00:00,BNB,551.778564453125,67cf7bc8-481b-4bf7-8855-389d04422e35
2024-03-23T00:00:00,BNB,551.8795166015625,8a7b8cd0-2b17-479d-8411-eb66984c3c06
2024-03-24T00:00:00,BNB,567.9948120117188,93828dc9-ce88-4f3e-ba36-554c22835426
2024-03-25T00:00:00,BNB,587.4276123046875,ab77b74c-527d-4b70-9c0b-2916688aaf8a
2024-03-26T00:00:00,BNB,580.1505126953125,03ab0cbd-02d7-49d6-9b3f-4c48b3aac546
2024-03-27T00:00:00,BNB,574.5115966796875,92de31e9-bd6a-4707-a0ea-da13560c6ff2
2024-03-28T00:00:00,BNB,583.2708740234375,710f9d88-f8aa-4689-8036-5f42182f0d51
2024-03-29T00:00:00,BNB,612.657958984375,c38a919c-c3d3-4a4d-b203-f757cbecfffc
2024-03-30T00:00:00,BNB,601.016357421875,8e1cd0d9-a6d0-4ce9-add5-61dc7ce376c0
2024-03-31T00:00:00,BNB,606.9086303710938,af8ef96d-f89c-4359-82bb-0e5b4a53f70c
2024-04-01T00:00:00,BNB,576.3966674804688,f3391a2a-b595-4344-b502-48c8a712ae30
2024-04-02T00:00:00,BNB,550.6814575195312,e32d6fde-8814-4bb0-949c-c6c37830eb87
2024-04-03T00:00:00,BNB,562.0196533203125,21ac5728-c56e-4df4-b8e1-7272d85fa023
2024-04-04T00:00:00,BNB,585.4415283203125,14e30d2d-bd2a-4240-8cc8-62b712b9753f
2024-04-05T00:00:00,BNB,578.9669189453125,a5413402-bc33-47f1-8775-68487270c2af
2024-04-06T00:00:00,BNB,585.966796875,80ae751e-9289-4524-9d77-8ff065eb0d51
2024-04-07T00:00:00,BNB,584.1021728515625,387dda3f-b8d6-4320-9018-262672055f9b
2024-04-08T00:00:00,BNB,586.9009399414062,3daf08c2-2ec7-4143-b82e-c4ccd0877dc4
2024-04-09T00:00:00,BNB,580.830322265625,f4399862-77e9-423f-82d6-eb216e204d2e
2024-04-10T00:00:00,BNB,610.0839233398438,452b6741-4130-456f-9a5b-36e5beb4b234
2024-04-11T00:00:00,BNB,604.893798828125,ddb8b849-b3a2-4c38-a4ba-7554be6d4733
2024-04-12T00:00:00,BNB,596.380126953125,a6b357be-fb6f-4326-b94c-2b1243781111
2024-04-13T00:00:00,BNB,554.2998046875,17c5b93c-6dcc-4425-be40-73c918ce8907
2024-04-14T00:00:00,BNB,567.2184448242188,26bfa293-e8a6-4b28-a19d-8bf8b2b5b335
2024-04-15T00:00:00,BNB,552.87451171875,08c41baf-801a-4955-a6e7-d7411dae2f6e
2024-04-16T00:00:00,BNB,537.829345703125,d257d9fa-3f79-4ce7-9b19-61d3eee97d4b
2024-04-17T00:00:00,BNB,534.416015625,407d4109-770f-47f4-8bd7-bb2b34206d34
2024-04-18T00:00:00,BNB,552.172119140625,fccd0a8f-8638-463e-ac44-2c254329c2ba
2024-04-19T00:00:00,BNB,554.8892822265625,7d5676e2-8b50-49b3-bd71-6bc995e7c4ee
2024-04-20T00:00:00,BNB,570.9605102539062,6bb78141-2780-4e6e-9d96-9b38477ef508
2024-04-21T00:00:00,BNB,579.6199340820312,903d2f86-343c-4220-95b2-ed5ac0d67aba
2024-04-22T00:00:00,BNB,605.5755004882812,0c7069ae-aa67-4e60-8b94-02fbab15fde8
2024-04-23T00:00:00,BNB,606.8406372070312,648e792d-4902-4579-bec1-6123729ce4f4
2024-04-24T00:00:00,BNB,608.0861206054688,3a234cac-cac6-4d32-922c-d515b8ebc441
2024-04-25T00:00:00,BNB,614.0050048828125,da611015-68ad-4a12-9513-64da42543a3b
2024-04-26T00:00:00,BNB,597.7054443359375,5fe29418-a7bf-4d71-974c-b02c8a861371
2024-04-27T00:00:00,BNB,595.7205200195312,e979c3ad-1c81-4491-be8f-b270436362b0
2024-04-28T00:00:00,BNB,600.0711669921875,b713a785-f15f-4216-b250-0a193d5d15f8
2024-04-29T00:00:00,BNB,592.8312377929688,3edb28b9-a270-4904-adf8-eb6137fdbf2f
2024-04-30T00:00:00,BNB,578.488037109375,4edc7518-f237-4db2-979f-585e0111c95a
2024-05-01T00:00:00,BNB,561.408203125,b0cb4554-3f7a-461b-bc30-aa3d029b6420
2024-05-02T00:00:00,BNB,560.5267333984375,bfceeb35-db61-465f-a4b6-bd68d3e6dced
2024-05-03T00:00:00,BNB,587.0104370117188,4bd09251-88a3-4c90-9088-bc0fff6c38e8
2024-05-04T00:00:00,BNB,585.8465576171875,5fc3a6dc-aeb3-4edb-9ec4-256bcb574ae6
2024-05-05T00:00:00,BNB,592.140380859375,8ad1286f-c639-41f7-a6db-0b1fc8493748
2024-05-06T00:00:00,BNB,588.4759521484375,aaf5ae7d-be44-4aff-857b-66db5fb7556b
2024-05-07T00:00:00,BNB,577.4862060546875,9ca73dbb-dbf6-4ef6-bcda-2864fb816487
2024-05-08T00:00:00,BNB,588.1974487304688,882f4df5-e205-4c77-a9b7-11f94814999c
2024-05-09T00:00:00,BNB,596.031982421875,be276667-3f2c-4f2c-9048-a987e22398b4
2024-05-10T00:00:00,BNB,585.6221923828125,1318196e-0e06-4f29-abde-633fc24e314b
2024-05-11T00:00:00,BNB,592.0278930664062,c26e09d5-8221-4155-9ad3-62c79713241a
2024-05-12T00:00:00,BNB,594.424560546875,7c96c52b-28c7-41fc-ada3-e982d5b6e0d5
2024-05-13T00:00:00,BNB,591.60693359375,9744f73e-badd-45af-b7de-82ba64e2005c
2024-05-14T00:00:00,BNB,566.70703125,4ee99cef-64e3-4964-a3b8-b64587a5e4cd
2024-05-15T00:00:00,BNB,582.0743408203125,e9156867-6b62-425f-9330-a72b99bd3228
2024-05-16T00:00:00,BNB,569.1902465820312,a9ac43fb-9bad-475a-a589-6c3509cf397a
2024-05-17T00:00:00,BNB,581.1783447265625,e39771e2-9269-4f8e-98f3-2716a3efe0eb
2024-05-18T00:00:00,BNB,580.4811401367188,279ab505-9fea-47b1-a520-aa6857501e63
2024-05-19T00:00:00,BNB,574.6316528320312,16a22a3a-70f7-47ee-bbad-40b606f4a404
2024-05-20T00:00:00,BNB,600.6163330078125,b3029a62-5ec4-4c5c-8f5d-41caecc81b6c
2024-05-21T00:00:00,BNB,618.4204711914062,fad873f5-8ca4-412a-a2e7-03a6b5b6f696
2024-05-22T00:00:00,BNB,614.671875,ac5de709-fb2f-48ae-b577-1d15b765a7f1
2024-05-23T00:00:00,BNB,598.6708374023438,b0ea8fdf-ff79-47be-9875-d681c0e060c1
2024-05-24T00:00:00,BNB,600.2258911132812,b82121f9-5329-409f-8816-348270353d30
2024-05-25T00:00:00,BNB,602.1944580078125,b2b43ce6-3daf-4b9e-b2ed-6a35ec161bd1
2024-05-26T00:00:00,BNB,599.825927734375,1d8b6b9f-628b-4db1-a4c8-fd3211d26ac5
2024-05-27T00:00:00,BNB,603.5264282226562,134f75d9-4935-4e99-bb64-536c99508182
2024-05-28T00:00:00,BNB,601.2132568359375,08873ce1-4b35-44bd-a607-a2a7aa17f848
2024-05-29T00:00:00,BNB,594.9720458984375,86f84b5e-830e-48a7-a172-21aaeb6073f5
2024-05-30T00:00:00,BNB,595.0267944335938,ac12d6f9-9ce0-4f1f-b343-592e50d68e1f
2024-05-31T00:00:00,BNB,593.5223388671875,9d7ba1f4-0253-4629-8b93-d81585583bd5
2024-06-01T00:00:00,BNB,601.30419921875,0379bb99-5b33-4f2c-bb9b-de01a4d7512d
2024-06-02T00:00:00,BNB,603.026611328125,190c01f7-855a-4084-9f3d-b43922c0724e
2024-06-03T00:00:00,BNB,626.4329833984375,6c4704a6-3508-415b-8efa-24ca97b0f731
2024-06-04T00:00:00,BNB,686.201416015625,28a1d286-6f7c-4cd6-b6cf-dbeb1acb5fb1
2024-06-05T00:00:00,BNB,698.889404296875,774ba63f-ba02-45b1-8404-fc591a154315
2024-06-06T00:00:00,BNB,710.4640502929688,2047fb90-f53a-45b4-a78c-ba9e222e081a
2024-06-07T00:00:00,BNB,683.3609619140625,3680a517-c438-4356-8044-eb3ff5ab0988
2024-06-08T00:00:00,BNB,682.6651611328125,2bf56e4d-7c05-4eba-a778-9a4f70052465
2024-06-09T00:00:00,BNB,673.3153076171875,bcebf10e-4805-465e-9fa2-47cfa738607d
2024-06-10T00:00:00,BNB,624.3868408203125,a2776226-bbbf-488e-966f-4f7e31449974
2024-06-11T00:00:00,BNB,602.55810546875,1e7e162b-73b0-4c7b-a372-7bdc22c4069b
2024-06-12T00:00:00,BNB,619.19482421875,60d88a80-738e-425a-9adb-a293846c15bc
2024-06-13T00:00:00,BNB,599.5150756835938,4b99650f-1a0f-49a4-9151-e9ae1830953a
2024-06-14T00:00:00,BNB,603.1805419921875,4c2b7eab-6cc3-4248-bc16-263f4a8b0f2c
2024-06-15T00:00:00,BNB,607.8029174804688,91a179bc-3377-4b2b-ac5a-ddb028b5a5db
2024-06-16T00:00:00,BNB,610.0540161132812,be4f9bcd-4381-4608-ba16-05c26ffac86b
2024-06-17T00:00:00,BNB,604.4673461914062,d150893d-12c0-409f-97f6-0920128d0758
2024-06-18T00:00:00,BNB,588.7020874023438,c3268172-c9ff-45ae-9054-23d160f37479
2024-06-19T00:00:00,BNB,598.771728515625,b631321a-86dc-4fbd-a3e2-85cd416a2098
2024-06-20T00:00:00,BNB,587.107177734375,3aace0f5-0c49-473e-a47a-8bd8629e550d
2024-06-21T00:00:00,BNB,585.9119262695312,e9296e96-45d5-45fd-8f11-3475e39bd663
2024-06-22T00:00:00,BNB,590.7633666992188,0e8b519b-a0b4-40a2-9a8c-a52f030f3816
2024-06-23T00:00:00,BNB,577.2108764648438,10af20a9-3d77-49e3-b9e3-341055172121
2024-06-24T00:00:00,BNB,567.578125,bb2915a8-93d0-4be0-a4e8-87d02e439bd5
2024-06-25T00:00:00,BNB,578.1034545898438,887f942f-db38-475d-9f6b-1326eb79c571
2024-06-26T00:00:00,BNB,572.4017944335938,e5a6a95a-8dc2-424a-8198-f337a78d818e
2024-06-27T00:00:00,BNB,580.7982788085938,e5cbe391-d17e-48c5-8509-f43b8361b05c
2024-06-28T00:00:00,BNB,566.4644775390625,8c31ac85-171d-4b64-a098-165da818ddea
2024-06-29T00:00:00,BNB,569.127685546875,003a97c4-74a3-4761-933e-5b398742fcd2
2024-06-30T00:00:00,BNB,581.7711181640625,4910b150-c76e-4da7-ab28-5659b0e36924
2024-01-01T00:00:00,XRP,0.6300820112228394,b36bf38d-7df2-46e0-9373-f88180ca56fc
2024-01-02T00:00:00,XRP,0.6253629922866821,b0f84bbc-3231-4e7f-8452-2ab68f846539
2024-01-03T00:00:00,XRP,0.5825799703598022,043db1a0-cf45-4d4d-a49d-ec0bbc88341f
2024-01-04T00:00:00,XRP,0.5882260203361511,ef5fcab5-c21a-40f8-b704-535072bcaed6
2024-01-05T00:00:00,XRP,0.5764859914779663,8c436206-7e30-4720-92ea-e282b413667b
2024-01-06T00:00:00,XRP,0.5685120224952698,54a959a3-2f5a-4cbe-b508-9c536b1486f1
2024-01-07T00:00:00,XRP,0.5517410039901733,7d494cd1-307a-4451-8e23-47d898864df5
2024-01-08T00:00:00,XRP,0.5779229998588562,3d5d763e-01d2-4a64-8b7f-5397246a7706
2024-01-09T00:00:00,XRP,0.5666329860687256,672303f1-75f0-4b1f-bdd9-9b1dd2883fa3
2024-01-10T00:00:00,XRP,0.5999889969825745,9fed0775-327a-469a-97a9-1292b7cad3fe
2024-01-11T00:00:00,XRP,0.6020950078964233,accc28f4-6641-42ad-bfc1-7b654ff3a822
2024-01-12T00:00:00,XRP,0.5702990293502808,ede5c9ed-0ea9-42c1-8381-e12c410ef845
2024-01-13T00:00:00,XRP,0.575078010559082,8793a817-c846-4b5d-8939-640f4a073aec
2024-01-14T00:00:00,XRP,0.5762330293655396,e9d0f513-38bf-4e4b-80ff-e7f6d6448690
2024-01-15T00:00:00,XRP,0.5759199857711792,00ccbdc3-4cea-421c-a061-bdad0fdf0e4d
2024-01-16T00:00:00,XRP,0.5759469866752625,d3660c11-3b44-4d20-845c-38761ccc33b9
2024-01-17T00:00:00,XRP,0.5679730176925659,12f18ee5-aa6b-4b75-a8ff-190b03e00814
2024-01-18T00:00:00,XRP,0.5519070029258728,8b6f8f14-3d95-4d87-bc2e-f658a4c64d63
2024-01-19T00:00:00,XRP,0.5442559719085693,a9fa2c4e-45e5-4063-9e9c-a3b0a450132e
2024-01-20T00:00:00,XRP,0.5531259775161743,81083ed3-60f8-4bf9-8082-280fdc288584
2024-01-21T00:00:00,XRP,0.546110987663269,d80cd376-f7d6-4228-a67c-b98a9961ab81
2024-01-22T00:00:00,XRP,0.5267159938812256,cccbe67a-978f-4575-bd6a-bb9a0e1fa705
2024-01-23T00:00:00,XRP,0.5177369713783264,d02103ef-cdf4-42bf-9f0f-06d84b816fe9
2024-01-24T00:00:00,XRP,0.5179880261421204,20704450-106c-48b6-9628-d2f9d4b00535
2024-01-25T00:00:00,XRP,0.5136060118675232,435200de-e9d3-465d-b733-d0f5afa07883
2024-01-26T00:00:00,XRP,0.5321890115737915,408794eb-4c56-4337-85dc-53af2197745d
2024-01-27T00:00:00,XRP,0.5302600264549255,33b310d5-03f2-4c47-82f0-4f604f7097d5
2024-01-28T00:00:00,XRP,0.5240939855575562,18379268-ef14-4510-adb0-a09b2017ccef
2024-01-29T00:00:00,XRP,0.5350900292396545,b06643bd-ea02-4c75-8e10-09de20d2efe4
2024-01-30T00:00:00,XRP,0.5106980204582214,c2c21a3a-a84b-43bc-bafe-f87d86f912d3
2024-01-31T00:00:00,XRP,0.5031930208206177,a584c7da-3e74-4f62-b694-1799cd0e9b75
2024-02-01T00:00:00,XRP,0.5058590173721313,47251cbb-fd2d-48ac-9c1c-424ef53d75d5
2024-02-02T00:00:00,XRP,0.5104119777679443,aab37448-29f7-40b9-ab2e-5fa559447071
2024-02-03T00:00:00,XRP,0.5189390182495117,516ec9d3-428c-45a1-a2c2-967cbfdd1581
2024-02-04T00:00:00,XRP,0.5032879710197449,4486d915-b41c-4b1c-9633-bba7d62b3128
2024-02-05T00:00:00,XRP,0.5062440037727356,d8014db4-77df-40cd-b3e9-61c4ce32e1b1
2024-02-06T00:00:00,XRP,0.5051530003547668,e15870b5-6eb2-4b5f-962e-13f90ace6898
2024-02-07T00:00:00,XRP,0.5137889981269836,8bea0b22-d732-4ccd-94bd-cccdd79018a4
2024-02-08T00:00:00,XRP,0.5145289897918701,df315f96-bb70-4cc9-875b-ca25eeca9ce5
2024-02-09T00:00:00,XRP,0.5260310173034668,fff0c3a1-bbf9-42b0-be40-6a849d21c980
2024-02-10T00:00:00,XRP,0.5241119861602783,ee1c01c8-bbd3-48c7-94de-acd6065e45d7
2024-02-11T00:00:00,XRP,0.5260840058326721,609424d8-58eb-4212-8e56-0b53a974f7d6
2024-02-12T00:00:00,XRP,0.5318970084190369,ec8eb6ef-39df-4e4a-bc84-b1b5b7df39d8
2024-02-13T00:00:00,XRP,0.5248349905014038,df062a10-9ab4-462f-b3f7-675caad45558
2024-02-14T00:00:00,XRP,0.5384010076522827,65e68095-5885-46c1-a2c6-ebab4890bcb0
2024-02-15T00:00:00,XRP,0.5627549886703491,e6114f76-0ad3-4fa8-a007-acd4cade6f8c
2024-02-16T00:00:00,XRP,0.5649600028991699,edbaf88d-d596-4626-80b6-9054443d3750
2024-02-17T00:00:00,XRP,0.5498859882354736,5a406533-e0f5-4863-a08f-661623c72005
2024-02-18T00:00:00,XRP,0.5569030046463013,d3ce15cc-114a-4e08-adcf-e0f5198c5fe6
2024-02-19T00:00:00,XRP,0.5625969767570496,5ead5714-03a2-44af-9a25-fd5452f9bfda
2024-02-20T00:00:00,XRP,0.5629220008850098,2b64f966-ca72-4abb-b085-d4ffd4050825
2024-02-21T00:00:00,XRP,0.5490040183067322,a887efe4-dc1a-4e61-9220-ad0266785f0f
2024-02-22T00:00:00,XRP,0.540913999080658,d713be64-4f1b-495e-8bdc-33effa2aa991
2024-02-23T00:00:00,XRP,0.5345339775085449,d311f7b3-9f13-48ab-83ae-cabb924fa048
2024-02-24T00:00:00,XRP,0.545117974281311,dde6864e-e2d4-461c-b38d-0eb59a41c547
2024-02-25T00:00:00,XRP,0.5424249768257141,67b6ad9c-b2fa-4272-81de-36457565eef4
2024-02-26T00:00:00,XRP,0.5514050126075745,68b007de-5856-4b76-af5c-476f0445a33f
2024-02-27T00:00:00,XRP,0.5862579941749573,00305ec8-cbd9-4e0b-a5e5-cc8eb3df6f18
2024-02-28T00:00:00,XRP,0.5758110284805298,afad8788-ce34-4649-88c4-319c2b8f95c3
2024-02-29T00:00:00,XRP,0.5863249897956848,9b95fa74-0e23-4065-842f-e1e550c382e1
2024-03-01T00:00:00,XRP,0.6018900275230408,c2595767-b472-4b15-9e55-fbccc076b459
2024-03-02T00:00:00,XRP,0.64485102891922,9424af41-e8ff-4272-8c9b-e15d62b58c4b
2024-03-03T00:00:00,XRP,0.6270719766616821,9b7f6413-3dfc-4d3c-a59d-0767eeff9a4e
2024-03-04T00:00:00,XRP,0.6501330137252808,bd60e6f7-7e71-44a4-ab04-d7ca2a8e62c1
2024-03-05T00:00:00,XRP,0.5929009914398193,266f42f9-6fa8-4f49-8572-2395aef991f8
2024-03-06T00:00:00,XRP,0.6122530102729797,f4c19c33-926f-4dee-9eef-59d3058979c4
2024-03-07T00:00:00,XRP,0.6286240220069885,b3857e48-6ba7-453f-b37f-95370e382567
2024-03-08T00:00:00,XRP,0.6219549775123596,c259a90e-5854-4597-a95f-302eca550906
2024-03-09T00:00:00,XRP,0.6218050122261047,243310e1-e602-409e-8945-56dc46cb14f6
2024-03-10T00:00:00,XRP,0.6084319949150085,b5a57fa2-37c0-4aab-bbd7-82ba1188ba57
2024-03-11T00:00:00,XRP,0.7180359959602356,1eca35ad-970a-475b-921b-b1cf7f6553ad
2024-03-12T00:00:00,XRP,0.6882089972496033,59743022-cf2f-4236-a929-ce32c27ed03b
2024-03-13T00:00:00,XRP,0.6909499764442444,0cc1b296-7d1a-4445-9e6c-d597f7ee5161
2024-03-14T00:00:00,XRP,0.669966995716095,3fe98193-ed08-4b4b-b429-d06c1267284e
2024-03-15T00:00:00,XRP,0.6337370276451111,1eb1972b-b4ae-427c-9891-16e1b2ceb8a8
2024-03-16T00:00:00,XRP,0.6030600070953369,0021f6fd-dc17-41e8-8b9e-0d52a7eafa2c
2024-03-17T00:00:00,XRP,0.6192319989204407,d04ef12d-d1c5-41f8-8119-5ddba3f13b67
2024-03-18T00:00:00,XRP,0.6475650072097778,7c339947-ce1d-40a5-8e3a-b3a216d44ec9
2024-03-19T00:00:00,XRP,0.5844410061836243,dc4fccc8-7167-434d-92ee-6f472581596f
2024-03-20T00:00:00,XRP,0.6121619939804077,c7643b5c-c2b2-4ea5-9aa7-a7f0e1ed60b9
2024-03-21T00:00:00,XRP,0.6406909823417664,01b1a503-9814-48c6-815b-1a23463cc657
2024-03-22T00:00:00,XRP,0.6109489798545837,ee44ba3a-d24f-4d6b-863a-136f2d475aa4
2024-03-23T00:00:00,XRP,0.6175959706306458,8087d45a-54dc-4c2e-ab24-fbbe409caf82
2024-03-24T00:00:00,XRP,0.6329500079154968,3cc6f516-4633-476a-bdcd-c637a0020529
2024-03-25T00:00:00,XRP,0.6410340070724487,55e7c425-ab2f-4b4b-937d-f03c21d786f7
2024-03-26T00:00:00,XRP,0.6322529911994934,e4705631-3ca7-4eff-9a35-5a98b241cfb6
2024-03-27T00:00:00,XRP,0.6119639873504639,5ab25769-d752-4884-a7e3-659c00bfde34
2024-03-28T00:00:00,XRP,0.6245539784431458,5f900d8a-99e2-4e80-85e3-93340d4b74f1
2024-03-29T00:00:00,XRP,0.6307500004768372,030e7150-6c6e-4cd1-9a1f-6e29d3f2cc26
2024-03-30T00:00:00,XRP,0.6218360066413879,961261a9-3089-4765-af1a-49d3e338bf72
2024-03-31T00:00:00,XRP,0.6292250156402588,31eda07a-bfb6-4497-8694-465f887c86f9
2024-04-01T00:00:00,XRP,0.6112579703330994,ecf54167-5b8c-42f5-bf2e-552fdd4c0af0
2024-04-02T00:00:00,XRP,0.5854660272598267,28c80a81-1f71-470a-99f8-f9747e1a5a2c
2024-04-03T00:00:00,XRP,0.5749170184135437,b7dfcdd3-59a7-429a-b4d9-a231308124af
2024-04-04T00:00:00,XRP,0.5936560034751892,7f7f318e-237e-4f1e-97dd-aadf43234cd9
2024-04-05T00:00:00,XRP,0.5875229835510254,1efc342c-48fb-4177-bb7f-8ad99d7fa6c2
2024-04-06T00:00:00,XRP,0.5933399796485901,811d9e5b-473a-4e4d-abf6-0561130cc706
2024-04-07T00:00:00,XRP,0.59483402967453,1e0cdf6b-ca34-4bfa-828c-476d2946380a
2024-04-08T00:00:00,XRP,0.6154900193214417,d06e4f2b-86ab-4f19-8a86-ad7045ca741a
2024-04-09T00:00:00,XRP,0.6138169765472412,131517a4-daeb-4dc4-87c2-1344661d6e92
2024-04-10T00:00:00,XRP,0.6175609827041626,9ee44d09-07df-4649-a379-5781d9197df4
2024-04-11T00:00:00,XRP,0.6088799834251404,37afdb05-eb4d-4659-9f08-c8f4c2901dab
2024-04-12T00:00:00,XRP,0.5484139919281006,a18c67c5-f131-4295-805d-6302e61d6c77
2024-04-13T00:00:00,XRP,0.4808189868927002,926796f9-0d90-4198-bfc1-311ed659612a
2024-04-14T00:00:00,XRP,0.5042579770088196,7a2a6acf-b037-4045-abf8-ce90aa7730c6
2024-04-15T00:00:00,XRP,0.4977310001850128,9623257a-c2f7-481b-aa96-398642035b0e
2024-04-16T00:00:00,XRP,0.49669501185417175,e4d9f865-528f-40bb-ae26-e0ce2758733c
2024-04-17T00:00:00,XRP,0.4948410093784332,209075eb-55a8-44a5-ac2b-608a3f800e49
2024-04-18T00:00:00,XRP,0.5029829740524292,109e49e1-05b7-4c96-8c99-470435c2abd0
2024-04-19T00:00:00,XRP,0.503786027431488,3b46d185-2228-4880-89a6-8b24b6015dda
2024-04-20T00:00:00,XRP,0.5292930006980896,fd2ac9e9-b200-4431-b999-c815b81b7fbe
2024-04-21T00:00:00,XRP,0.5246800184249878,5105cff1-fa78-4fa5-80de-bd47edcb062b
2024-04-22T00:00:00,XRP,0.556833028793335,f40c0ed0-483a-4985-ae0e-6078d9303f9a
2024-04-23T00:00:00,XRP,0.5451589822769165,8bfe35ee-ef50-4054-a227-6180baa0dab8
2024-04-24T00:00:00,XRP,0.5274040102958679,8498762e-4098-4a8d-ada1-831837489d59
2024-04-25T00:00:00,XRP,0.5255119800567627,711ad379-902a-467d-9207-26d820e14273
2024-04-26T00:00:00,XRP,0.5261120200157166,d0d39c9b-8844-4cc7-b022-2cfd98738989
2024-04-27T00:00:00,XRP,0.5177749991416931,808a9301-8485-4321-a3da-289288f8fecc
2024-04-28T00:00:00,XRP,0.5103769898414612,e6f12b06-f25f-4cd7-8bd1-54c7cdb55aad
2024-04-29T00:00:00,XRP,0.5154320001602173,6b18a90c-9655-4613-a29f-1c46726747da
2024-04-30T00:00:00,XRP,0.50006502866745,32b0a244-2e91-4458-9abb-3915cafcfeae
2024-05-01T00:00:00,XRP,0.5170000195503235,a7460c59-5cc0-455c-9623-4374255dac78
2024-05-02T00:00:00,XRP,0.5183290243148804,27b65470-8bf9-4a2a-9632-886a5b411624
2024-05-03T00:00:00,XRP,0.5318940281867981,44ac34e9-40cb-4848-99fb-855002abd1ad
2024-05-04T00:00:00,XRP,0.5304049849510193,34c70553-9c95-4d89-839c-ac62faeb0253
2024-05-05T00:00:00,XRP,0.5297840237617493,92af496a-f907-4348-b66a-6c37a27a1e76
2024-05-06T00:00:00,XRP,0.5405470132827759,73a6e657-f608-4c9f-99f4-8d7643da4402
2024-05-07T00:00:00,XRP,0.5247439742088318,a6c4dd53-4cee-48d7-b0b1-bd4dacf50fd5
2024-05-08T00:00:00,XRP,0.5172299742698669,e5297f3e-91d8-4530-be9a-47d4152fa231
2024-05-09T00:00:00,XRP,0.521028995513916,a040d9da-2717-4ada-8e40-5596f0d8fe11
2024-05-10T00:00:00,XRP,0.5023379921913147,aff77050-d915-43fd-b258-60d00ce85bfc
2024-05-11T00:00:00,XRP,0.5059750080108643,14124dff-cfd9-4a81-b68b-ce329b1dddd7
2024-05-12T00:00:00,XRP,0.49947500228881836,0a90cd74-e67e-4293-9ca4-36d7a016f888
2024-05-13T00:00:00,XRP,0.5049020051956177,3707b6e5-3d38-4165-9602-c1132147c222
2024-05-14T00:00:00,XRP,0.49988698959350586,a62cd727-a2d4-4746-ba1e-df4792ae059c
2024-05-15T00:00:00,XRP,0.5190039873123169,306f7b35-e68f-4753-a4ee-7a7096212007
2024-05-16T00:00:00,XRP,0.5156980156898499,e2c0db41-392a-4512-a75b-eafe95eea884
2024-05-17T00:00:00,XRP,0.5238040089607239,1770b378-7d37-4475-b36c-3e0408b3b96c
2024-05-18T00:00:00,XRP,0.5213900208473206,71d2f513-cdd6-4afe-98ea-bbb4273ecd78
2024-05-19T00:00:00,XRP,0.5096610188484192,e6ab526f-1e7b-4e65-a053-dc77540b1a85
2024-05-20T00:00:00,XRP,0.5373330116271973,2f88de83-6940-4813-8abc-2037630a7100
2024-05-21T00:00:00,XRP,0.5369830131530762,905efef6-09f2-4f56-a6c9-8cea38e55730
2024-05-22T00:00:00,XRP,0.5265100002288818,b8dd7cb1-ca79-481a-8ce2-7b938da2bbe8
2024-05-23T00:00:00,XRP,0.5282859802246094,a6e2026a-cc6a-4808-847b-1b3d90fa20ca
2024-05-24T00:00:00,XRP,0.5357530117034912,d1b2d3ae-63d4-4677-b93e-6788f2f42284
2024-05-25T00:00:00,XRP,0.5418090224266052,4333f503-732f-4a77-be07-f501657eefb5
2024-05-26T00:00:00,XRP,0.5282109975814819,0b6d8b4b-e77b-44f3-bb31-782b60d15ca6
2024-05-27T00:00:00,XRP,0.5337719917297363,c34f7fe4-2aff-4abc-8d41-9f55e111affd
2024-05-28T00:00:00,XRP,0.5282350182533264,aacb3ea7-9a7f-4e90-97f6-f5732e132462
2024-05-29T00:00:00,XRP,0.523248016834259,9c0ffaa9-430a-4491-9486-b5621eb9f664
2024-05-30T00:00:00,XRP,0.5188609957695007,f45841c8-a92f-47c5-a47f-a8dbaff9a3e7
2024-05-31T00:00:00,XRP,0.517799973487854,2e78a95e-d6dc-4cd3-9bd3-35265ff39ede
2024-06-01T00:00:00,XRP,0.5183129906654358,5fc88f7a-d596-45d0-8acf-02795f64729a
2024-06-02T00:00:00,XRP,0.5134819746017456,cfa94753-31dc-4b3f-b56d-f8c57fb8a6ef
2024-06-03T00:00:00,XRP,0.5200999975204468,04ab66a8-de66-4122-a7be-f9d21f92e2a2
2024-06-04T00:00:00,XRP,0.5257650017738342,6ef4034c-ce5e-4f15-a032-41fdfeaf86d0
2024-06-05T00:00:00,XRP,0.5257109999656677,2276ab62-1faf-4a88-b77c-62abe13f1787
2024-06-06T00:00:00,XRP,0.5215780138969421,0b2d05ed-ad2a-4830-885c-01da4df691c6
2024-06-07T00:00:00,XRP,0.4989509880542755,c319cca5-6e04-46d6-9a13-a8ef65194714
2024-06-08T00:00:00,XRP,0.4931449890136719,99d679d7-058c-424b-b317-7159ba784956
2024-06-09T00:00:00,XRP,0.49858298897743225,8d00de5c-b7b7-4985-8ad2-2533c247dbb5
2024-06-10T00:00:00,XRP,0.4966279864311218,eac8909b-6191-4770-8daf-c9a862c4ca84
2024-06-11T00:00:00,XRP,0.480320006608963,eaa05193-34c4-4510-a121-a63ebfb48d3b
2024-06-12T00:00:00,XRP,0.49154001474380493,ad4375e3-1a61-45cb-83dc-f474b8bb2356
2024-06-13T00:00:00,XRP,0.4770050048828125,108b77d6-beb8-4127-be9d-a5ef9b909ef6
2024-06-14T00:00:00,XRP,0.47427499294281006,9f79301b-3bc0-4b6f-b0a7-e2de7415fa4a
2024-06-15T00:00:00,XRP,0.49069100618362427,06df728e-0285-449e-b791-7095100bfe2e
2024-06-16T00:00:00,XRP,0.4888319969177246,de9f8eb1-8118-4f31-b3c9-312ddf014115
2024-06-17T00:00:00,XRP,0.5051599740982056,a7105f4b-920c-414c-85ad-4942a603c6aa
2024-06-18T00:00:00,XRP,0.49094799160957336,6df29ce1-5f27-453c-baa2-ed21094b31d7
2024-06-19T00:00:00,XRP,0.49324101209640503,5d1497fb-e01e-478c-adfb-e0cba93bd2d7
2024-06-20T00:00:00,XRP,0.4887160062789917,1e37eaea-0ac0-4a2c-850b-4bba48139f7b
2024-06-21T00:00:00,XRP,0.4889560043811798,20a229ff-5d52-4f96-ab14-58e765c6ab0a
2024-06-22T00:00:00,XRP,0.4866209924221039,8dfe1561-040f-44bf-8f17-d5a7553b965f
2024-06-23T00:00:00,XRP,0.4794889986515045,1bac3e7b-d99e-4cf6-af66-c6245a77c908
2024-06-24T00:00:00,XRP,0.47414299845695496,0f96f076-2e42-4970-b280-ef6de5f610f1
2024-06-25T00:00:00,XRP,0.4756850004196167,692c0296-1843-4680-b2c7-89a261a72068
2024-06-26T00:00:00,XRP,0.46959999203681946,f85321e4-31d0-4655-bf66-b374ed649573
2024-06-27T00:00:00,XRP,0.47465500235557556,215ab549-7714-4ceb-9c1e-7253661c2eaf
2024-06-28T00:00:00,XRP,0.4708850085735321,a4ea2962-409c-4cff-abc5-5608ce98bc03
2024-06-29T00:00:00,XRP,0.471994012594223,41645cab-394e-4b1a-ac1e-46da1dffbce1
2024-06-30T00:00:00,XRP,0.4754830002784729,bffdafe8-ee49-4a56-b4e3-e74793036d1d
2024-01-01T00:00:00,ADA,0.6231099963188171,090ff3e7-b539-447d-9498-57f541975713
2024-01-02T00:00:00,ADA,0.605666995048523,7e6a0bf6-b9d7-4e71-a7b9-9ce003acd95a
2024-01-03T00:00:00,ADA,0.5572860240936279,5bef8f9e-d33c-4891-9e57-169ef5bb25e8
2024-01-04T00:00:00,ADA,0.5705670118331909,b90234c5-3829-445f-8277-f3902ecb3b83
2024-01-05T00:00:00,ADA,0.5412420034408569,f93f6056-8c8d-451d-aea0-3236223b176f
2024-01-06T00:00:00,ADA,0.5231029987335205,9f4eb45c-a245-4d70-abe2-a2a901917191
2024-01-07T00:00:00,ADA,0.4941740036010742,9b340aca-2ba6-408d-b118-a3e956e48725
2024-01-08T00:00:00,ADA,0.5409359931945801,f8cf3a2d-6cab-4569-8804-8c985dda926b
2024-01-09T00:00:00,ADA,0.5115270018577576,bdc8ac62-e839-4aa5-bfdb-64909c7724ab
2024-01-10T00:00:00,ADA,0.5666469931602478,3870d6fd-4369-455b-b607-d5497a7abebd
2024-01-11T00:00:00,ADA,0.5821790099143982,f77b8286-a420-4f20-b470-46fb4d377478
2024-01-12T00:00:00,ADA,0.5473330020904541,e659ec85-3d90-4747-a40d-41a56292e209
2024-01-13T00:00:00,ADA,0.5493360161781311,64298fb0-dbe0-4f68-8bbf-ac4c3ac18306
2024-01-14T00:00:00,ADA,0.5259810090065002,932db373-0fba-4988-afda-f8e535fb7e05
2024-01-15T00:00:00,ADA,0.5281609892845154,f11a79c1-f3d3-4375-981c-fda3e82c2660
2024-01-16T00:00:00,ADA,0.5356760025024414,fd4693a0-dd41-4dcb-8371-d669a8ce4504
2024-01-17T00:00:00,ADA,0.5270289778709412,598dbbd8-b7bb-4469-a87b-e4ef1d699425
2024-01-18T00:00:00,ADA,0.5018740296363831,d11e3023-3c6a-483c-aaf3-f85f7a0558fe
2024-01-19T00:00:00,ADA,0.503150999546051,9eebf925-c64f-43ea-8ce3-129c48c8178c
2024-01-20T00:00:00,ADA,0.5150049924850464,ceb89184-9e57-41a1-8499-de8663342bba
2024-01-21T00:00:00,ADA,0.5031049847602844,91b1c0ed-2446-45f1-a595-0f0dfb14dc96
2024-01-22T00:00:00,ADA,0.4785020053386688,058e620e-761f-4ef4-860c-3258a89d2778
2024-01-23T00:00:00,ADA,0.4767490029335022,ff28d5f6-b224-4e06-9b8b-4ae855cb0c18
2024-01-24T00:00:00,ADA,0.47629600763320923,93b9fec7-e5ac-4f2f-aa49-7d4e4f9fd73b
2024-01-25T00:00:00,ADA,0.46647900342941284,ad2e26ee-b4a5-403a-a46c-8d77cba016a9
2024-01-26T00:00:00,ADA,0.48529401421546936,4a4a4dc6-8930-43b4-a354-adefeaf7e0ce
2024-01-27T00:00:00,ADA,0.48632100224494934,b499d6bf-9089-4f5e-b04b-a2b28bd89cf2
2024-01-28T00:00:00,ADA,0.4897190034389496,614fa7de-e583-49c1-acdc-8e7dd599c6ae
2024-01-29T00:00:00,ADA,0.5252749919891357,91683d66-2d07-443c-b917-b0e280b204c8
2024-01-30T00:00:00,ADA,0.5141649842262268,c578646c-e97f-4819-9fc7-91e89315aa11
2024-01-31T00:00:00,ADA,0.49825599789619446,db49012d-982e-493e-81a5-204f0984d4ca
2024-02-01T00:00:00,ADA,0.5070229768753052,43866f62-d3ea-4190-9377-dfa9fb2e48cf
2024-02-02T00:00:00,ADA,0.5139579772949219,18958929-1e7d-4b81-b3ec-41ef9086c815
2024-02-03T00:00:00,ADA,0.5128610134124756,b02fee1a-36bb-4ecb-8cc9-359eae6e19ad
2024-02-04T00:00:00,ADA,0.49425598978996277,d90f2386-df40-46c3-8184-56dbd82712b6
2024-02-05T00:00:00,ADA,0.49333998560905457,58f82041-496d-44f0-be3b-9b68a6401795
2024-02-06T00:00:00,ADA,0.4984630048274994,8cef89c1-dfb1-44cb-95af-590887114686
2024-02-07T00:00:00,ADA,0.5017729997634888,3001871d-aeb8-47d6-92ef-f239128a8864
2024-02-08T00:00:00,ADA,0.5292689800262451,1b085734-6ac5-41a7-a352-0d77fbafc513
2024-02-09T00:00:00,ADA,0.5407919883728027,94dd2455-aeee-4ce7-b500-795c0e71ed72
2024-02-10T00:00:00,ADA,0.5514119863510132,334dee41-3e93-46b5-98e0-0c6bed72ba06
2024-02-11T00:00:00,ADA,0.5414100289344788,a4eaa47b-374c-4a3f-939f-0db3d0b42e46
2024-02-12T00:00:00,ADA,0.560030996799469,4a3ebdfb-7837-4aa6-ad58-b4522e8ef81d
2024-02-13T00:00:00,ADA,0.5449960231781006,956fe8d7-742b-4ccf-bab8-f95ce036aa63
2024-02-14T00:00:00,ADA,0.5773019790649414,1c481c4f-3da7-4781-8f1d-98346cf8597f
2024-02-15T00:00:00,ADA,0.6083629727363586,4320b939-3c3d-4409-897c-86b20739e33f
2024-02-16T00:00:00,ADA,0.5988720059394836,d761c192-62dd-45cb-8284-1b921bc511e1
2024-02-17T00:00:00,ADA,0.6083459854125977,49541806-bbaf-4942-a165-17dbc78edd8b
2024-02-18T00:00:00,ADA,0.6187340021133423,8c000ac9-36e9-47c2-bb84-c2100e5389d8
2024-02-19T00:00:00,ADA,0.6310629844665527,a8ad2afd-b8a3-4807-b610-b1d6becea07a
2024-02-20T00:00:00,ADA,0.6221650242805481,22ad0680-e91e-4784-b5e4-bde18bb6e662
2024-02-21T00:00:00,ADA,0.5984579920768738,529c99b2-86ad-458e-974e-13b5a7b5da09
2024-02-22T00:00:00,ADA,0.5859019756317139,18d1fc61-323d-4567-8de9-62e8f5b2a9d5
2024-02-23T00:00:00,ADA,0.5832419991493225,df563ea5-0312-4d4a-910c-db126c07eba7
2024-02-24T00:00:00,ADA,0.5966960191726685,c8568598-4f3e-4cf8-a89d-1b4d96bdc743
2024-02-25T00:00:00,ADA,0.5913789868354797,2187d075-b897-400c-bf26-4f5f50cdd032
2024-02-26T00:00:00,ADA,0.6197360157966614,c357b5ab-1a96-499d-9395-5a1ce4fce0ee
2024-02-27T00:00:00,ADA,0.6242160201072693,6531a977-a9f1-4b86-bf06-d828301d8f59
2024-02-28T00:00:00,ADA,0.6310589909553528,b7af506f-1fb7-419c-9c94-cd29f03903f2
2024-02-29T00:00:00,ADA,0.655646026134491,a76925fc-ae9c-473b-9405-804cb1dca462
2024-03-01T00:00:00,ADA,0.7190809845924377,33a7beef-db2a-496c-aeef-06e76d1978a8
2024-03-02T00:00:00,ADA,0.7409279942512512,e8f8a8fb-cd34-493e-bb73-78d5f062a612
2024-03-03T00:00:00,ADA,0.7282379865646362,51552350-aeb1-4864-b5f6-07ebecdbd354
2024-03-04T00:00:00,ADA,0.7712939977645874,5e8069eb-92aa-4a5a-8804-2d5a1675b182
2024-03-05T00:00:00,ADA,0.6934900283813477,ceb60d53-a57a-4a8f-916f-52782d59d479
2024-03-06T00:00:00,ADA,0.7338209748268127,023b4088-010f-4599-8ce2-8171aa7e225b
2024-03-07T00:00:00,ADA,0.7447419762611389,1e6ce0ac-ff34-4ec3-bf56-85ad74cb72aa
2024-03-08T00:00:00,ADA,0.7248539924621582,854d3374-49b9-41f0-9033-3c4e08c86e6a
2024-03-09T00:00:00,ADA,0.7437130212783813,afee2f2d-ba2e-426a-a4e4-34955e158a80
2024-03-10T00:00:00,ADA,0.7172269821166992,c0eb38ac-2391-4127-bbc2-f6bcb0c9b885
2024-03-11T00:00:00,ADA,0.7741900086402893,e2333f5b-437f-41b5-8f60-fb47775a9c77
2024-03-12T00:00:00,ADA,0.7480549812316895,1f548af8-f313-4da0-bbbe-8dd271690591
2024-03-13T00:00:00,ADA,0.7645800113677979,e85424bc-b69a-456b-b7a2-71c3dfcd1a79
2024-03-14T00:00:00,ADA,0.7504739761352539,aa522656-9c42-4d1c-8bb0-ab6f2c35f74a
2024-03-15T00:00:00,ADA,0.7264410257339478,028ba47e-507e-44c2-9f58-274f20f65428
2024-03-16T00:00:00,ADA,0.6595349907875061,dc37e2a0-ecc5-4d03-9e22-bc1e1d4bec2a
2024-03-17T00:00:00,ADA,0.681098997592926,2928bbc4-249b-4800-8b62-4daa5d4563e8
2024-03-18T00:00:00,ADA,0.6612579822540283,e3f0bf3a-0c47-43f4-8c9a-fa433845317e
2024-03-19T00:00:00,ADA,0.5869140028953552,d62afb04-6132-4997-9f69-183baf064583
2024-03-20T00:00:00,ADA,0.6394810080528259,5caaca73-4fbe-49ae-8bb1-54a081f39ee6
2024-03-21T00:00:00,ADA,0.6318680047988892,468fee38-46ba-4079-863a-560818d0d139
2024-03-22T00:00:00,ADA,0.6132630109786987,be61ce31-18f5-4d65-8e46-2ae892092e12
2024-03-23T00:00:00,ADA,0.6258620023727417,6b6c8ec0-9219-464b-a7f2-0dd992340dc5
2024-03-24T00:00:00,ADA,0.6461570262908936,8481a42c-ca50-4413-913e-b41a2d66bd3a
2024-03-25T00:00:00,ADA,0.656948983669281,1ab649c3-bcdf-4d34-9392-1d5a2cd93393
2024-03-26T00:00:00,ADA,0.6650339961051941,89d8cf09-2531-47c8-ae1d-3accffcc8abe
2024-03-27T00:00:00,ADA,0.6484829783439636,dac7bc41-7926-45f1-9eaa-e5e06cd72bf5
2024-03-28T00:00:00,ADA,0.6507940292358398,634c9f5b-b75f-495a-adff-f76c00930d6e
2024-03-29T00:00:00,ADA,0.6644030213356018,3fe300f0-7df3-4393-9eb7-c77dede1f2e3
2024-03-30T00:00:00,ADA,0.6443660259246826,20689c58-2739-4a18-835e-f33cbf666025
2024-03-31T00:00:00,ADA,0.650426983833313,8cfc6f3f-702c-4c17-9546-8e7e3bba0c02
2024-04-01T00:00:00,ADA,0.6216840147972107,ae5ad9aa-1e8a-4bb5-818e-b581283378b1
2024-04-02T00:00:00,ADA,0.5809869766235352,8bf673ae-705d-4c76-af41-a9e6cdac1dac
2024-04-03T00:00:00,ADA,0.5712779760360718,a8c08ef6-c387-4ad0-8886-73115db62010
2024-04-04T00:00:00,ADA,0.582955002784729,495bc9ab-e2c8-4489-9f6f-0c7c2934c1b3
2024-04-05T00:00:00,ADA,0.5748339891433716,830cf96b-c94b-4772-a36d-94a66ae52a79
2024-04-06T00:00:00,ADA,0.5843380093574524,17236db6-5e7b-46be-b1d8-f950d3f37b2a
2024-04-07T00:00:00,ADA,0.5894740223884583,7fc2c4c4-e171-4333-8981-bb0fe4cbf5e7
2024-04-08T00:00:00,ADA,0.6141589879989624,6692f24d-193f-4137-9c3b-5e5b37e47e78
2024-04-09T00:00:00,ADA,0.5918930172920227,dd98ec74-2d39-4234-ab14-91947456753b
2024-04-10T00:00:00,ADA,0.5862550139427185,6e17c620-7ff6-4765-9668-be53624e8832
2024-04-11T00:00:00,ADA,0.5861909985542297,e5e7681d-397f-47db-a989-8aaa8d1a4b0f
2024-04-12T00:00:00,ADA,0.5035750269889832,4867f6e3-043b-44e8-97bd-b3b000c3add9
2024-04-13T00:00:00,ADA,0.4479080140590668,1e31c481-88c5-45ec-97af-8b676c4a8e5f
2024-04-14T00:00:00,ADA,0.46891099214553833,c4f7fca8-39a5-49ab-b794-057a143fbea8
2024-04-15T00:00:00,ADA,0.46079498529434204,757c4aa8-03fd-44ac-b22c-0c8cdf37bb99
2024-04-16T00:00:00,ADA,0.45860499143600464,e14b8c2e-165b-48c8-a6c5-d4f42c869a6d
2024-04-17T00:00:00,ADA,0.4442949891090393,f0a45b51-b8aa-4132-bbb8-b59411747589
2024-04-18T00:00:00,ADA,0.45814400911331177,47386649-3e77-4079-baee-0e3b9d197372
2024-04-19T00:00:00,ADA,0.46878400444984436,75f13887-5d3d-44e1-a723-234c936eb840
2024-04-20T00:00:00,ADA,0.5059080123901367,a7c2e199-ef93-4d7e-aa2e-37cab99ee9e4
2024-04-21T00:00:00,ADA,0.4992919862270355,d3d7efba-e49a-4c02-a07f-6aefcc3f9f51
2024-04-22T00:00:00,ADA,0.516884982585907,65eea253-a00a-4a37-97ef-bde1e4a4c5d9
2024-04-23T00:00:00,ADA,0.5001959800720215,b8be13c0-9923-4f3e-8d2b-1021a6f624b7
2024-04-24T00:00:00,ADA,0.4749099910259247,dbf82ca5-c183-4f83-871c-eb39d70ff407
2024-04-25T00:00:00,ADA,0.47102001309394836,7f6b84ca-9653-453b-9cf1-4eeedbf627b0
2024-04-26T00:00:00,ADA,0.46272900700569153,7f392c5b-dddf-4585-a3fa-85c4310ae2a0
2024-04-27T00:00:00,ADA,0.46703198552131653,cc038a52-da61-48e4-9bf3-d54a761d2059
2024-04-28T00:00:00,ADA,0.46047401428222656,ff279742-d90e-4da6-a2e1-1b3afe2c6cb2
2024-04-29T00:00:00,ADA,0.4573650062084198,70f4f8d3-e002-4b24-8a7e-a0d87f64d8c1
2024-04-30T00:00:00,ADA,0.44081199169158936,e1994736-5686-4866-b643-89b2091375ca
2024-05-01T00:00:00,ADA,0.44986599683761597,a6be9eca-c1ca-4f93-a9e5-c0a43d6b471d
2024-05-02T00:00:00,ADA,0.4582819938659668,5c2469b4-96ba-43ff-823b-fc7276464c5e
2024-05-03T00:00:00,ADA,0.46754398941993713,da23a82e-ab58-4c59-832b-09c59fb14a76
2024-05-04T00:00:00,ADA,0.463577002286911,5de302bd-9266-423c-81a6-d80a235ecd1e
2024-05-05T00:00:00,ADA,0.4583339989185333,fba805e2-cf59-4cdf-82d2-d0d316fe3209
2024-05-06T00:00:00,ADA,0.4542880058288574,2255a2e0-f22d-4e58-ad58-cc1d4d3b583f
2024-05-07T00:00:00,ADA,0.4418730139732361,2f4426aa-3b5b-41ac-b23e-c62f875002b9
2024-05-08T00:00:00,ADA,0.45255300402641296,11febabc-b25e-490b-9eff-79b0fda0ce22
2024-05-09T00:00:00,ADA,0.4635010063648224,3776270b-9807-4176-8cf1-cc980f5106fd
2024-05-10T00:00:00,ADA,0.4482499957084656,80fd342e-27be-4777-a0fc-0dfc1b15d670
2024-05-11T00:00:00,ADA,0.4388760030269623,3a66b510-d135-451f-b54b-b16cfae2e447
2024-05-12T00:00:00,ADA,0.4376530051231384,06566dc0-5433-4983-9b20-3dcb7a0b16a0
2024-05-13T00:00:00,ADA,0.43654000759124756,7b4deda0-c9af-44a3-a5d0-f49ec514b538
2024-05-14T00:00:00,ADA,0.42806899547576904,660e7e03-43c7-4f05-9108-05f0fb687120
2024-05-15T00:00:00,ADA,0.45298799872398376,d9160439-2634-4802-8af1-258a2e3bb77c
2024-05-16T00:00:00,ADA,0.4596950113773346,297fa702-d699-48da-8425-4146882ca507
2024-05-17T00:00:00,ADA,0.4819999933242798,da87e5e3-a089-4d7b-ba61-f7534fdfd432
2024-05-18T00:00:00,ADA,0.48240798711776733,cc835ab7-64a9-4ea8-ae43-5560c4d87021
2024-05-19T00:00:00,ADA,0.467602014541626,4a81e59a-9a86-4ddb-b56e-747d89cd5b9d
2024-05-20T00:00:00,ADA,0.5017579793930054,2a0fd8a0-699d-48b6-937e-8593dc91f38a
2024-05-21T00:00:00,ADA,0.4947740137577057,1e4f0335-764d-45aa-93dc-cdfc408e7725
2024-05-22T00:00:00,ADA,0.48312699794769287,d0ceb5f8-352d-49e4-8c12-758d2e9be2d3
2024-05-23T00:00:00,ADA,0.46533000469207764,54103372-e381-4034-b9d2-f9dad7a7c933
2024-05-24T00:00:00,ADA,0.4594939947128296,87a8dec2-21be-447b-86f7-307745734fc8
2024-05-25T00:00:00,ADA,0.4620720148086548,7f4f0034-0613-4f76-aea2-5d373a165a19
2024-05-26T00:00:00,ADA,0.4583750069141388,ce5267be-615a-4021-8165-750a2e49b4bc
2024-05-27T00:00:00,ADA,0.46796301007270813,9a90e2c7-e697-4472-b581-1b49c1f238ef
2024-05-28T00:00:00,ADA,0.45699000358581543,185c951c-bcf7-479d-b6fc-73eaa44e58ad
2024-05-29T00:00:00,ADA,0.45099499821662903,703e85a4-d56e-452c-911b-ad1f1b625263
2024-05-30T00:00:00,ADA,0.44658100605010986,f019a41f-5391-4e55-bfec-c1459836e3ea
2024-05-31T00:00:00,ADA,0.44746100902557373,060ab359-e930-4516-a494-331e5197f037
2024-06-01T00:00:00,ADA,0.44997501373291016,0e05040f-d7bb-46b6-b841-22bf3b03bfc2
2024-06-02T00:00:00,ADA,0.4464940130710602,93eab67f-4c22-46a3-b48b-d20e35d434aa
2024-06-03T00:00:00,ADA,0.45703598856925964,e0ed5fc7-5252-478c-a6bb-9fa584e55823
2024-06-04T00:00:00,ADA,0.46148499846458435,9493905e-37ac-4a91-b356-a8203b6a7dfa
2024-06-05T00:00:00,ADA,0.46117499470710754,3001db0d-e101-4418-b738-cc05e9ce7fb7
2024-06-06T00:00:00,ADA,0.4581019878387451,04ff12e0-628f-4ef3-b37d-a5877e7915b8
2024-06-07T00:00:00,ADA,0.44964298605918884,0a9e4987-4597-4c26-a183-8ffdbeaca298
2024-06-08T00:00:00,ADA,0.43657100200653076,dbaf1027-c6d1-49ac-9e1a-167a3e127649
2024-06-09T00:00:00,ADA,0.44410601258277893,e6de3a50-b620-483e-b1d6-032b23e4a201
2024-06-10T00:00:00,ADA,0.44046100974082947,82f39ab1-5a32-453e-8b55-ba132a9748c5
2024-06-11T00:00:00,ADA,0.4218910038471222,1c063684-3819-4f07-894f-d1686cbed1fb
2024-06-12T00:00:00,ADA,0.4377959966659546,9a196654-f479-48db-a1b2-c3cb8c5a07f4
2024-06-13T00:00:00,ADA,0.4211849868297577,704ec35e-5ce8-4dec-9d47-b37dded54da8
2024-06-14T00:00:00,ADA,0.41168299317359924,d7563e39-2914-4eba-9ca9-ec14db8e7236
2024-06-15T00:00:00,ADA,0.41369500756263733,2d97b97d-b5c4-431a-8984-e357140f0109
2024-06-16T00:00:00,ADA,0.41637900471687317,cc60882a-c8b4-467e-b4d6-69fd38c657b7
2024-06-17T00:00:00,ADA,0.40175798535346985,b420f71c-66c9-47e1-9223-5b6d9616b818
2024-06-18T00:00:00,ADA,0.3835799992084503,23ace0b9-5ab7-4f43-8572-bcb97a2ea2c1
2024-06-19T00:00:00,ADA,0.3837909996509552,1859a0df-b48e-4a6a-bdcf-9c5871575981
2024-06-20T00:00:00,ADA,0.38424399495124817,c6248ac0-53c9-4532-b908-5fe05f1edfd2
2024-06-21T00:00:00,ADA,0.37605199217796326,c2d02876-9768-463c-ab97-97f656430c22
2024-06-22T00:00:00,ADA,0.38481199741363525,1f2c2d39-5b53-419a-b5f5-9442a91ca642
2024-06-23T00:00:00,ADA,0.3803029954433441,610edb89-f9b1-4225-8a6f-dbc0001a85de
2024-06-24T00:00:00,ADA,0.3777649998664856,de6d0a42-05d1-4495-8b1d-0ea796b73cae
2024-06-25T00:00:00,ADA,0.3918589949607849,3ee9d07e-97fa-4921-9276-b4b61880eb49
2024-06-26T00:00:00,ADA,0.38475000858306885,706fbbf0-8f86-4a41-8592-34b7f88d7a33
2024-06-27T00:00:00,ADA,0.3907009959220886,90331128-820e-434b-afbd-3552f7e2d2e7
2024-06-28T00:00:00,ADA,0.38542601466178894,3332d85a-e829-4940-9b2d-f89cf8b936e6
2024-06-29T00:00:00,ADA,0.38396498560905457,2f2ae05f-57a8-4fac-b6f6-83c1a3ff37ff
2024-06-30T00:00:00,ADA,0.392192006111145,fc17dd24-e735-4d82-860f-fa705201b996
